solid Kupplung
facet normal 0.0 0.0 -1.0
  outer loop
    vertex -1.3018477800937005 -1.7918397477265002 0.0
    vertex -1.5000000000000027 -12.999999999999998 0.0
    vertex -1.721250645172911 -1.3938412895876273 0.0
  endloop
endfacet
facet normal 0.0 0.0 -1.0
  outer loop
    vertex -1.5000000000000027 -12.999999999999998 0.0
    vertex -1.3018477800937005 -1.7918397477265002 0.0
    vertex -1.4488887394336052 -12.611771432346217 0.0
  endloop
endfacet
facet normal 0.0 0.0 -1.0
  outer loop
    vertex -1.4488887394336052 -12.611771432346217 0.0
    vertex -1.3018477800937005 -1.7918397477265002 0.0
    vertex -1.2990381056766604 -12.249999999999998 0.0
  endloop
endfacet
facet normal 0.0 0.0 -1.0
  outer loop
    vertex -1.2990381056766604 -12.249999999999998 0.0
    vertex -1.3018477800937005 -1.7918397477265002 0.0
    vertex -0.7937261402062821 -2.0677272882130033 0.0
  endloop
endfacet
facet normal 0.0 0.0 -1.0
  outer loop
    vertex -1.2990381056766604 -12.249999999999998 0.0
    vertex -0.7937261402062821 -2.0677272882130033 0.0
    vertex -1.0606601717798239 -11.939339828220177 0.0
  endloop
endfacet
facet normal 0.0 0.0 -1.0
  outer loop
    vertex -1.0606601717798239 -11.939339828220177 0.0
    vertex -0.7937261402062821 -2.0677272882130033 0.0
    vertex -0.7500000000000024 -11.70096189432334 0.0
  endloop
endfacet
facet normal 0.0 0.0 -1.0
  outer loop
    vertex -0.7500000000000024 -11.70096189432334 0.0
    vertex -0.7937261402062821 -2.0677272882130033 0.0
    vertex -0.23151337555827176 -2.2027026310886995 0.0
  endloop
endfacet
facet normal 0.0 0.0 -1.0
  outer loop
    vertex -0.7500000000000024 -11.70096189432334 0.0
    vertex -0.23151337555827176 -2.2027026310886995 0.0
    vertex -0.3882285676537838 -11.551111260566396 0.0
  endloop
endfacet
facet normal 0.0 0.0 -1.0
  outer loop
    vertex -0.3882285676537838 -11.551111260566396 0.0
    vertex -0.23151337555827176 -2.2027026310886995 0.0
    vertex -2.728117972611846e-15 -11.499999999999998 0.0
  endloop
endfacet
facet normal 0.0 0.0 -1.0
  outer loop
    vertex -2.728117972611846e-15 -11.499999999999998 0.0
    vertex -0.23151337555827176 -2.2027026310886995 0.0
    vertex 0.34647664304009207 -2.18756742979391 0.0
  endloop
endfacet
facet normal 0.0 0.0 -1.0
  outer loop
    vertex -2.728117972611846e-15 -11.499999999999998 0.0
    vertex 0.34647664304009207 -2.18756742979391 0.0
    vertex 0.3882285676537786 -11.551111260566396 0.0
  endloop
endfacet
facet normal 0.0 0.0 -1.0
  outer loop
    vertex 0.3882285676537786 -11.551111260566396 0.0
    vertex 0.34647664304009207 -2.18756742979391 0.0
    vertex 0.9008548509949987 -2.0233531232847723 0.0
  endloop
endfacet
facet normal 0.0 0.0 -1.0
  outer loop
    vertex 0.3882285676537786 -11.551111260566396 0.0
    vertex 0.9008548509949987 -2.0233531232847723 0.0
    vertex 0.7499999999999973 -11.700961894323342 0.0
  endloop
endfacet
facet normal 0.0 0.0 -1.0
  outer loop
    vertex 0.7499999999999973 -11.700961894323342 0.0
    vertex 0.9008548509949987 -2.0233531232847723 0.0
    vertex 1.0606601717798185 -11.939339828220177 0.0
  endloop
endfacet
facet normal 0.0 0.0 -1.0
  outer loop
    vertex 1.0606601717798185 -11.939339828220177 0.0
    vertex 0.9008548509949987 -2.0233531232847723 0.0
    vertex 1.393841289587627 -1.7212506451729115 0.0
  endloop
endfacet
facet normal 0.0 0.0 -1.0
  outer loop
    vertex 1.0606601717798185 -11.939339828220177 0.0
    vertex 1.393841289587627 -1.7212506451729115 0.0
    vertex 1.2990381056766551 -12.249999999999998 0.0
  endloop
endfacet
facet normal 0.0 0.0 -1.0
  outer loop
    vertex 1.2990381056766551 -12.249999999999998 0.0
    vertex 1.393841289587627 -1.7212506451729115 0.0
    vertex 1.4488887394335996 -12.611771432346217 0.0
  endloop
endfacet
facet normal 0.0 0.0 -1.0
  outer loop
    vertex 1.4488887394335996 -12.611771432346217 0.0
    vertex 1.393841289587627 -1.7212506451729115 0.0
    vertex 1.7918397477265002 -1.3018477800937007 0.0
  endloop
endfacet
facet normal 0.0 0.0 -1.0
  outer loop
    vertex 1.4488887394335996 -12.611771432346217 0.0
    vertex 1.7918397477265002 -1.3018477800937007 0.0
    vertex 1.4999999999999971 -12.999999999999998 0.0
  endloop
endfacet
facet normal 0.0 0.0 -1.0
  outer loop
    vertex -15.968427654852345 1.004648312468975 0.0
    vertex -15.968427654852343 -1.0046483124690557 0.0
    vertex -15.999999999999998 -4.067312926697024e-14 0.0
  endloop
endfacet
facet normal 0.0 0.0 -1.0
  outer loop
    vertex -15.968427654852343 -1.0046483124690557 0.0
    vertex -15.968427654852345 1.004648312468975 0.0
    vertex -15.873835221031648 2.00533173702883 0.0
  endloop
endfacet
facet normal 0.0 0.0 -1.0
  outer loop
    vertex -15.968427654852343 -1.0046483124690557 0.0
    vertex -15.873835221031648 2.00533173702883 0.0
    vertex -15.873835221031639 -2.005331737028911 0.0
  endloop
endfacet
facet normal 0.0 0.0 -1.0
  outer loop
    vertex -15.873835221031639 -2.005331737028911 0.0
    vertex -15.873835221031648 2.00533173702883 0.0
    vertex -15.716596011659027 2.998101033371558 0.0
  endloop
endfacet
facet normal 0.0 0.0 -1.0
  outer loop
    vertex -15.873835221031639 -2.005331737028911 0.0
    vertex -15.716596011659027 2.998101033371558 0.0
    vertex -15.71659601165901 -2.998101033371638 0.0
  endloop
endfacet
facet normal 0.0 0.0 -1.0
  outer loop
    vertex -15.71659601165901 -2.998101033371638 0.0
    vertex -15.716596011659027 2.998101033371558 0.0
    vertex -15.497330578058106 3.9790381946376425 0.0
  endloop
endfacet
facet normal 0.0 0.0 -1.0
  outer loop
    vertex -15.71659601165901 -2.998101033371638 0.0
    vertex -15.497330578058106 3.9790381946376425 0.0
    vertex -15.497330578058087 -3.9790381946377216 0.0
  endloop
endfacet
facet normal 0.0 0.0 -1.0
  outer loop
    vertex -15.497330578058087 -3.9790381946377216 0.0
    vertex -15.497330578058106 3.9790381946376425 0.0
    vertex -15.216904260722465 4.9442719099991255 0.0
  endloop
endfacet
facet normal 0.0 0.0 -1.0
  outer loop
    vertex -15.497330578058087 -3.9790381946377216 0.0
    vertex -15.216904260722465 4.9442719099991255 0.0
    vertex -15.21690426072244 -4.944271909999204 0.0
  endloop
endfacet
facet normal 0.0 0.0 -1.0
  outer loop
    vertex -15.21690426072244 -4.944271909999204 0.0
    vertex -15.216904260722465 4.9442719099991255 0.0
    vertex -14.876423774212034 5.8899928429548165 0.0
  endloop
endfacet
facet normal 0.0 0.0 -1.0
  outer loop
    vertex -15.21690426072244 -4.944271909999204 0.0
    vertex -14.876423774212034 5.8899928429548165 0.0
    vertex -14.876423774212002 -5.889992842954892 0.0
  endloop
endfacet
facet normal 0.0 0.0 -1.0
  outer loop
    vertex -14.876423774212002 -5.889992842954892 0.0
    vertex -14.876423774212034 5.8899928429548165 0.0
    vertex -14.477232839456324 6.812468665041134 0.0
  endloop
endfacet
facet normal 0.0 0.0 -1.0
  outer loop
    vertex -14.876423774212002 -5.889992842954892 0.0
    vertex -14.477232839456324 6.812468665041134 0.0
    vertex -14.47723283945629 -6.812468665041208 0.0
  endloop
endfacet
facet normal 0.0 0.0 -1.0
  outer loop
    vertex -14.47723283945629 -6.812468665041208 0.0
    vertex -14.477232839456324 6.812468665041134 0.0
    vertex -14.020906880701832 7.708058785627418 0.0
  endloop
endfacet
facet normal 0.0 0.0 -1.0
  outer loop
    vertex -14.47723283945629 -6.812468665041208 0.0
    vertex -14.020906880701832 7.708058785627418 0.0
    vertex -14.020906880701792 -7.70805878562749 0.0
  endloop
endfacet
facet normal 0.0 0.0 -1.0
  outer loop
    vertex -14.020906880701792 -7.70805878562749 0.0
    vertex -14.020906880701832 7.708058785627418 0.0
    vertex -13.509246808032254 8.573228719663922 0.0
  endloop
endfacet
facet normal 0.0 0.0 -1.0
  outer loop
    vertex -14.020906880701792 -7.70805878562749 0.0
    vertex -13.509246808032254 8.573228719663922 0.0
    vertex -13.509246808032211 -8.573228719663991 0.0
  endloop
endfacet
facet normal 0.0 0.0 -1.0
  outer loop
    vertex -13.509246808032211 -8.573228719663991 0.0
    vertex -13.509246808032254 8.573228719663922 0.0
    vertex -12.944271909999173 9.404564036679549 0.0
  endloop
endfacet
facet normal 0.0 0.0 -1.0
  outer loop
    vertex -13.509246808032211 -8.573228719663991 0.0
    vertex -12.944271909999173 9.404564036679549 0.0
    vertex -12.944271909999125 -9.404564036679615 0.0
  endloop
endfacet
facet normal 0.0 0.0 -1.0
  outer loop
    vertex -12.944271909999125 -9.404564036679615 0.0
    vertex -12.944271909999173 9.404564036679549 0.0
    vertex -12.328211884412644 10.198783835979015 0.0
  endloop
endfacet
facet normal 0.0 0.0 -1.0
  outer loop
    vertex -12.944271909999125 -9.404564036679615 0.0
    vertex -12.328211884412644 10.198783835979015 0.0
    vertex -12.32821188441259 -10.198783835979077 0.0
  endloop
endfacet
facet normal 0.0 0.0 -1.0
  outer loop
    vertex -12.32821188441259 -10.198783835979077 0.0
    vertex -12.328211884412644 10.198783835979015 0.0
    vertex -11.663498038742599 10.952753694859002 0.0
  endloop
endfacet
facet normal 0.0 0.0 -1.0
  outer loop
    vertex -12.32821188441259 -10.198783835979077 0.0
    vertex -11.663498038742599 10.952753694859002 0.0
    vertex -11.663498038742544 -10.95275369485906 0.0
  endloop
endfacet
facet normal 0.0 0.0 -1.0
  outer loop
    vertex -11.663498038742544 -10.95275369485906 0.0
    vertex -11.663498038742599 10.952753694859002 0.0
    vertex -10.952753694859034 11.663498038742569 0.0
  endloop
endfacet
facet normal 0.0 0.0 -1.0
  outer loop
    vertex -11.663498038742544 -10.95275369485906 0.0
    vertex -10.952753694859034 11.663498038742569 0.0
    vertex -10.952753694858975 -11.663498038742624 0.0
  endloop
endfacet
facet normal 0.0 0.0 -1.0
  outer loop
    vertex -10.952753694858975 -11.663498038742624 0.0
    vertex -10.952753694859034 11.663498038742569 0.0
    vertex -10.19878383597905 12.328211884412612 0.0
  endloop
endfacet
facet normal 0.0 0.0 -1.0
  outer loop
    vertex -10.952753694858975 -11.663498038742624 0.0
    vertex -10.19878383597905 12.328211884412612 0.0
    vertex -10.198783835978988 -12.328211884412665 0.0
  endloop
endfacet
facet normal 0.0 0.0 -1.0
  outer loop
    vertex -10.198783835978988 -12.328211884412665 0.0
    vertex -10.19878383597905 12.328211884412612 0.0
    vertex -9.404564036679584 12.944271909999149 0.0
  endloop
endfacet
facet normal 0.0 0.0 -1.0
  outer loop
    vertex -10.198783835978988 -12.328211884412665 0.0
    vertex -9.404564036679584 12.944271909999149 0.0
    vertex -9.404564036679528 -12.94427190999919 0.0
  endloop
endfacet
facet normal 0.0 0.0 -1.0
  outer loop
    vertex -9.404564036679528 -12.94427190999919 0.0
    vertex -9.404564036679584 12.944271909999149 0.0
    vertex -8.573228719663959 13.50924680803223 0.0
  endloop
endfacet
facet normal 0.0 0.0 -1.0
  outer loop
    vertex -9.404564036679528 -12.94427190999919 0.0
    vertex -8.573228719663959 13.50924680803223 0.0
    vertex -8.573228719663904 -13.509246808032264 0.0
  endloop
endfacet
facet normal 0.0 0.0 -1.0
  outer loop
    vertex -8.573228719663904 -13.509246808032264 0.0
    vertex -8.573228719663959 13.50924680803223 0.0
    vertex -7.7080587856274585 14.020906880701808 0.0
  endloop
endfacet
facet normal 0.0 0.0 -1.0
  outer loop
    vertex -8.573228719663904 -13.509246808032264 0.0
    vertex -7.7080587856274585 14.020906880701808 0.0
    vertex -7.708058785627408 -14.020906880701835 0.0
  endloop
endfacet
facet normal 0.0 0.0 -1.0
  outer loop
    vertex -7.708058785627408 -14.020906880701835 0.0
    vertex -7.7080587856274585 14.020906880701808 0.0
    vertex -6.812468665041177 14.477232839456304 0.0
  endloop
endfacet
facet normal 0.0 0.0 -1.0
  outer loop
    vertex -7.708058785627408 -14.020906880701835 0.0
    vertex -6.812468665041177 14.477232839456304 0.0
    vertex -6.812468665041129 -14.477232839456327 0.0
  endloop
endfacet
facet normal 0.0 0.0 -1.0
  outer loop
    vertex -6.812468665041129 -14.477232839456327 0.0
    vertex -6.812468665041177 14.477232839456304 0.0
    vertex -5.889992842954864 14.876423774212014 0.0
  endloop
endfacet
facet normal 0.0 0.0 -1.0
  outer loop
    vertex -6.812468665041129 -14.477232839456327 0.0
    vertex -5.889992842954864 14.876423774212014 0.0
    vertex -5.889992842954818 -14.876423774212034 0.0
  endloop
endfacet
facet normal 0.0 0.0 -1.0
  outer loop
    vertex -5.889992842954818 -14.876423774212034 0.0
    vertex -5.889992842954864 14.876423774212014 0.0
    vertex -4.944271909999173 15.216904260722451 0.0
  endloop
endfacet
facet normal 0.0 0.0 -1.0
  outer loop
    vertex -5.889992842954818 -14.876423774212034 0.0
    vertex -4.944271909999173 15.216904260722451 0.0
    vertex -4.944271909999134 -15.216904260722465 0.0
  endloop
endfacet
facet normal 0.0 0.0 -1.0
  outer loop
    vertex -4.944271909999134 -15.216904260722465 0.0
    vertex -4.944271909999173 15.216904260722451 0.0
    vertex -3.979038194637691 15.497330578058092 0.0
  endloop
endfacet
facet normal 0.0 0.0 -1.0
  outer loop
    vertex -4.944271909999134 -15.216904260722465 0.0
    vertex -3.979038194637691 15.497330578058092 0.0
    vertex -3.979038194637657 -15.4973305780581 0.0
  endloop
endfacet
facet normal 0.0 0.0 -1.0
  outer loop
    vertex -3.979038194637657 -15.4973305780581 0.0
    vertex -3.979038194637691 15.497330578058092 0.0
    vertex -2.9981010333716074 15.716596011659016 0.0
  endloop
endfacet
facet normal 0.0 0.0 -1.0
  outer loop
    vertex -3.979038194637657 -15.4973305780581 0.0
    vertex -2.9981010333716074 15.716596011659016 0.0
    vertex -2.9981010333715803 -15.716596011659021 0.0
  endloop
endfacet
facet normal 0.0 0.0 -1.0
  outer loop
    vertex -2.9981010333715803 -15.716596011659021 0.0
    vertex -2.9981010333716074 15.716596011659016 0.0
    vertex -2.0053317370288806 15.873835221031642 0.0
  endloop
endfacet
facet normal 0.0 0.0 -1.0
  outer loop
    vertex -2.9981010333715803 -15.716596011659021 0.0
    vertex -2.0053317370288806 15.873835221031642 0.0
    vertex -2.2027026310887 0.2315133755582714 0.0
  endloop
endfacet
facet normal 0.0 0.0 -1.0
  outer loop
    vertex -2.2027026310887 0.2315133755582714 0.0
    vertex -2.0053317370288806 15.873835221031642 0.0
    vertex -2.0677272882130033 0.793726140206282 0.0
  endloop
endfacet
facet normal 0.0 0.0 -1.0
  outer loop
    vertex -2.0677272882130033 0.793726140206282 0.0
    vertex -2.0053317370288806 15.873835221031642 0.0
    vertex -1.7918397477265002 1.3018477800937005 0.0
  endloop
endfacet
facet normal 0.0 0.0 -1.0
  outer loop
    vertex -1.7918397477265002 1.3018477800937005 0.0
    vertex -2.0053317370288806 15.873835221031642 0.0
    vertex -1.5000000000000027 12.999999999999998 0.0
  endloop
endfacet
facet normal 0.0 0.0 -1.0
  outer loop
    vertex -1.5000000000000027 12.999999999999998 0.0
    vertex -2.0053317370288806 15.873835221031642 0.0
    vertex -1.4488887394336052 13.38822856765378 0.0
  endloop
endfacet
facet normal 0.0 0.0 -1.0
  outer loop
    vertex -1.4488887394336052 13.38822856765378 0.0
    vertex -2.0053317370288806 15.873835221031642 0.0
    vertex -1.0046483124690249 15.968427654852345 0.0
  endloop
endfacet
facet normal 0.0 0.0 -1.0
  outer loop
    vertex -1.4488887394336052 13.38822856765378 0.0
    vertex -1.0046483124690249 15.968427654852345 0.0
    vertex -1.2990381056766604 13.75 0.0
  endloop
endfacet
facet normal 0.0 0.0 -1.0
  outer loop
    vertex -1.2990381056766604 13.75 0.0
    vertex -1.0046483124690249 15.968427654852345 0.0
    vertex -1.0606601717798239 14.06066017177982 0.0
  endloop
endfacet
facet normal 0.0 0.0 -1.0
  outer loop
    vertex -1.0606601717798239 14.06066017177982 0.0
    vertex -1.0046483124690249 15.968427654852345 0.0
    vertex -0.7500000000000024 14.299038105676658 0.0
  endloop
endfacet
facet normal 0.0 0.0 -1.0
  outer loop
    vertex -0.7500000000000024 14.299038105676658 0.0
    vertex -1.0046483124690249 15.968427654852345 0.0
    vertex -9.678423597083618e-15 15.999999999999998 0.0
  endloop
endfacet
facet normal 0.0 0.0 -1.0
  outer loop
    vertex -0.7500000000000024 14.299038105676658 0.0
    vertex -9.678423597083618e-15 15.999999999999998 0.0
    vertex -0.3882285676537838 14.4488887394336 0.0
  endloop
endfacet
facet normal 0.0 0.0 -1.0
  outer loop
    vertex -0.3882285676537838 14.4488887394336 0.0
    vertex -9.678423597083618e-15 15.999999999999998 0.0
    vertex -2.728117972611846e-15 14.499999999999998 0.0
  endloop
endfacet
facet normal 0.0 0.0 -1.0
  outer loop
    vertex -2.728117972611846e-15 14.499999999999998 0.0
    vertex -9.678423597083618e-15 15.999999999999998 0.0
    vertex 1.0046483124690053 15.968427654852345 0.0
  endloop
endfacet
facet normal 0.0 0.0 -1.0
  outer loop
    vertex -2.728117972611846e-15 14.499999999999998 0.0
    vertex 1.0046483124690053 15.968427654852345 0.0
    vertex 0.3882285676537786 14.4488887394336 0.0
  endloop
endfacet
facet normal 0.0 0.0 -1.0
  outer loop
    vertex 0.3882285676537786 14.4488887394336 0.0
    vertex 1.0046483124690053 15.968427654852345 0.0
    vertex 0.7499999999999973 14.299038105676658 0.0
  endloop
endfacet
facet normal 0.0 0.0 -1.0
  outer loop
    vertex 0.7499999999999973 14.299038105676658 0.0
    vertex 1.0046483124690053 15.968427654852345 0.0
    vertex 1.0606601717798185 14.06066017177982 0.0
  endloop
endfacet
facet normal 0.0 0.0 -1.0
  outer loop
    vertex 1.0606601717798185 14.06066017177982 0.0
    vertex 1.0046483124690053 15.968427654852345 0.0
    vertex 2.005331737028861 15.873835221031644 0.0
  endloop
endfacet
facet normal 0.0 0.0 -1.0
  outer loop
    vertex 1.0606601717798185 14.06066017177982 0.0
    vertex 2.005331737028861 15.873835221031644 0.0
    vertex 1.2990381056766551 13.749999999999998 0.0
  endloop
endfacet
facet normal 0.0 0.0 -1.0
  outer loop
    vertex 1.2990381056766551 13.749999999999998 0.0
    vertex 2.005331737028861 15.873835221031644 0.0
    vertex 1.4488887394335996 13.38822856765378 0.0
  endloop
endfacet
facet normal 0.0 0.0 -1.0
  outer loop
    vertex 1.4488887394335996 13.38822856765378 0.0
    vertex 2.005331737028861 15.873835221031644 0.0
    vertex 1.4999999999999971 12.999999999999998 0.0
  endloop
endfacet
facet normal 0.0 0.0 -1.0
  outer loop
    vertex 1.4999999999999971 12.999999999999998 0.0
    vertex 2.005331737028861 15.873835221031644 0.0
    vertex 1.721250645172911 1.3938412895876282 0.0
  endloop
endfacet
facet normal 0.0 0.0 -1.0
  outer loop
    vertex 1.721250645172911 1.3938412895876282 0.0
    vertex 2.005331737028861 15.873835221031644 0.0
    vertex 2.0233531232847715 0.9008548509950005 0.0
  endloop
endfacet
facet normal 0.0 0.0 -1.0
  outer loop
    vertex 2.0233531232847715 0.9008548509950005 0.0
    vertex 2.005331737028861 15.873835221031644 0.0
    vertex 2.9981010333715887 15.716596011659018 0.0
  endloop
endfacet
facet normal 0.0 0.0 -1.0
  outer loop
    vertex 2.0233531232847715 0.9008548509950005 0.0
    vertex 2.9981010333715887 15.716596011659018 0.0
    vertex 2.18756742979391 0.34647664304009224 0.0
  endloop
endfacet
facet normal 0.0 0.0 -1.0
  outer loop
    vertex 2.18756742979391 0.34647664304009224 0.0
    vertex 2.9981010333715887 15.716596011659018 0.0
    vertex 2.2027026310886995 -0.23151337555827087 0.0
  endloop
endfacet
facet normal 0.0 0.0 -1.0
  outer loop
    vertex 2.2027026310886995 -0.23151337555827087 0.0
    vertex 2.9981010333715887 15.716596011659018 0.0
    vertex 2.9981010333715736 -15.716596011659021 0.0
  endloop
endfacet
facet normal 0.0 0.0 -1.0
  outer loop
    vertex 2.9981010333715736 -15.716596011659021 0.0
    vertex 2.9981010333715887 15.716596011659018 0.0
    vertex 3.9790381946376514 -15.497330578058103 0.0
  endloop
endfacet
facet normal 0.0 0.0 -1.0
  outer loop
    vertex 3.9790381946376514 -15.497330578058103 0.0
    vertex 2.9981010333715887 15.716596011659018 0.0
    vertex 3.9790381946376727 15.497330578058097 0.0
  endloop
endfacet
facet normal 0.0 0.0 -1.0
  outer loop
    vertex 3.9790381946376514 -15.497330578058103 0.0
    vertex 3.9790381946376727 15.497330578058097 0.0
    vertex 4.944271909999129 -15.216904260722465 0.0
  endloop
endfacet
facet normal 0.0 0.0 -1.0
  outer loop
    vertex 4.944271909999129 -15.216904260722465 0.0
    vertex 3.9790381946376727 15.497330578058097 0.0
    vertex 4.944271909999156 15.216904260722456 0.0
  endloop
endfacet
facet normal 0.0 0.0 -1.0
  outer loop
    vertex 4.944271909999129 -15.216904260722465 0.0
    vertex 4.944271909999156 15.216904260722456 0.0
    vertex 5.889992842954812 -14.876423774212034 0.0
  endloop
endfacet
facet normal 0.0 0.0 -1.0
  outer loop
    vertex 5.889992842954812 -14.876423774212034 0.0
    vertex 4.944271909999156 15.216904260722456 0.0
    vertex 5.889992842954846 14.876423774212022 0.0
  endloop
endfacet
facet normal 0.0 0.0 -1.0
  outer loop
    vertex 5.889992842954812 -14.876423774212034 0.0
    vertex 5.889992842954846 14.876423774212022 0.0
    vertex 6.812468665041123 -14.47723283945633 0.0
  endloop
endfacet
facet normal 0.0 0.0 -1.0
  outer loop
    vertex 6.812468665041123 -14.47723283945633 0.0
    vertex 5.889992842954846 14.876423774212022 0.0
    vertex 6.8124686650411626 14.477232839456313 0.0
  endloop
endfacet
facet normal 0.0 0.0 -1.0
  outer loop
    vertex 6.812468665041123 -14.47723283945633 0.0
    vertex 6.8124686650411626 14.477232839456313 0.0
    vertex 7.708058785627401 -14.02090688070184 0.0
  endloop
endfacet
facet normal 0.0 0.0 -1.0
  outer loop
    vertex 7.708058785627401 -14.02090688070184 0.0
    vertex 6.8124686650411626 14.477232839456313 0.0
    vertex 7.708058785627445 14.020906880701816 0.0
  endloop
endfacet
facet normal 0.0 0.0 -1.0
  outer loop
    vertex 7.708058785627401 -14.02090688070184 0.0
    vertex 7.708058785627445 14.020906880701816 0.0
    vertex 8.573228719663899 -13.509246808032271 0.0
  endloop
endfacet
facet normal 0.0 0.0 -1.0
  outer loop
    vertex 8.573228719663899 -13.509246808032271 0.0
    vertex 7.708058785627445 14.020906880701816 0.0
    vertex 8.573228719663947 13.50924680803224 0.0
  endloop
endfacet
facet normal 0.0 0.0 -1.0
  outer loop
    vertex 8.573228719663899 -13.509246808032271 0.0
    vertex 8.573228719663947 13.50924680803224 0.0
    vertex 9.40456403667952 -12.944271909999193 0.0
  endloop
endfacet
facet normal 0.0 0.0 -1.0
  outer loop
    vertex 9.40456403667952 -12.944271909999193 0.0
    vertex 8.573228719663947 13.50924680803224 0.0
    vertex 9.404564036679574 12.944271909999154 0.0
  endloop
endfacet
facet normal 0.0 0.0 -1.0
  outer loop
    vertex 9.40456403667952 -12.944271909999193 0.0
    vertex 9.404564036679574 12.944271909999154 0.0
    vertex 10.198783835978983 -12.32821188441267 0.0
  endloop
endfacet
facet normal 0.0 0.0 -1.0
  outer loop
    vertex 10.198783835978983 -12.32821188441267 0.0
    vertex 9.404564036679574 12.944271909999154 0.0
    vertex 10.19878383597904 12.328211884412624 0.0
  endloop
endfacet
facet normal 0.0 0.0 -1.0
  outer loop
    vertex 10.198783835978983 -12.32821188441267 0.0
    vertex 10.19878383597904 12.328211884412624 0.0
    vertex 10.952753694858966 -11.663498038742633 0.0
  endloop
endfacet
facet normal 0.0 0.0 -1.0
  outer loop
    vertex 10.952753694858966 -11.663498038742633 0.0
    vertex 10.19878383597904 12.328211884412624 0.0
    vertex 10.952753694859021 11.66349803874258 0.0
  endloop
endfacet
facet normal 0.0 0.0 -1.0
  outer loop
    vertex 10.952753694858966 -11.663498038742633 0.0
    vertex 10.952753694859021 11.66349803874258 0.0
    vertex 11.66349803874253 -10.952753694859075 0.0
  endloop
endfacet
facet normal 0.0 0.0 -1.0
  outer loop
    vertex 11.66349803874253 -10.952753694859075 0.0
    vertex 10.952753694859021 11.66349803874258 0.0
    vertex 11.663498038742585 10.952753694859014 0.0
  endloop
endfacet
facet normal 0.0 0.0 -1.0
  outer loop
    vertex 11.66349803874253 -10.952753694859075 0.0
    vertex 11.663498038742585 10.952753694859014 0.0
    vertex 12.328211884412575 -10.198783835979098 0.0
  endloop
endfacet
facet normal 0.0 0.0 -1.0
  outer loop
    vertex 12.328211884412575 -10.198783835979098 0.0
    vertex 11.663498038742585 10.952753694859014 0.0
    vertex 12.32821188441263 10.198783835979034 0.0
  endloop
endfacet
facet normal 0.0 0.0 -1.0
  outer loop
    vertex 12.328211884412575 -10.198783835979098 0.0
    vertex 12.32821188441263 10.198783835979034 0.0
    vertex 12.944271909999106 -9.40456403667964 0.0
  endloop
endfacet
facet normal 0.0 0.0 -1.0
  outer loop
    vertex 12.944271909999106 -9.40456403667964 0.0
    vertex 12.32821188441263 10.198783835979034 0.0
    vertex 12.94427190999916 9.404564036679568 0.0
  endloop
endfacet
facet normal 0.0 0.0 -1.0
  outer loop
    vertex 12.944271909999106 -9.40456403667964 0.0
    vertex 12.94427190999916 9.404564036679568 0.0
    vertex 13.509246808032191 -8.573228719664025 0.0
  endloop
endfacet
facet normal 0.0 0.0 -1.0
  outer loop
    vertex 13.509246808032191 -8.573228719664025 0.0
    vertex 12.94427190999916 9.404564036679568 0.0
    vertex 13.509246808032243 8.573228719663945 0.0
  endloop
endfacet
facet normal 0.0 0.0 -1.0
  outer loop
    vertex 13.509246808032191 -8.573228719664025 0.0
    vertex 13.509246808032243 8.573228719663945 0.0
    vertex 14.02090688070177 -7.708058785627531 0.0
  endloop
endfacet
facet normal 0.0 0.0 -1.0
  outer loop
    vertex 14.02090688070177 -7.708058785627531 0.0
    vertex 13.509246808032243 8.573228719663945 0.0
    vertex 14.020906880701817 7.7080587856274425 0.0
  endloop
endfacet
facet normal 0.0 0.0 -1.0
  outer loop
    vertex 14.02090688070177 -7.708058785627531 0.0
    vertex 14.020906880701817 7.7080587856274425 0.0
    vertex 14.477232839456265 -6.812468665041257 0.0
  endloop
endfacet
facet normal 0.0 0.0 -1.0
  outer loop
    vertex 14.477232839456265 -6.812468665041257 0.0
    vertex 14.020906880701817 7.7080587856274425 0.0
    vertex 14.477232839456313 6.812468665041161 0.0
  endloop
endfacet
facet normal 0.0 0.0 -1.0
  outer loop
    vertex 14.477232839456265 -6.812468665041257 0.0
    vertex 14.477232839456313 6.812468665041161 0.0
    vertex 14.87642377421198 -5.88999284295495 0.0
  endloop
endfacet
facet normal 0.0 0.0 -1.0
  outer loop
    vertex 14.87642377421198 -5.88999284295495 0.0
    vertex 14.477232839456313 6.812468665041161 0.0
    vertex 14.876423774212022 5.889992842954847 0.0
  endloop
endfacet
facet normal 0.0 0.0 -1.0
  outer loop
    vertex 14.87642377421198 -5.88999284295495 0.0
    vertex 14.876423774212022 5.889992842954847 0.0
    vertex 15.216904260722421 -4.944271909999269 0.0
  endloop
endfacet
facet normal 0.0 0.0 -1.0
  outer loop
    vertex 15.216904260722421 -4.944271909999269 0.0
    vertex 14.876423774212022 5.889992842954847 0.0
    vertex 15.216904260722455 4.944271909999158 0.0
  endloop
endfacet
facet normal 0.0 0.0 -1.0
  outer loop
    vertex 15.216904260722421 -4.944271909999269 0.0
    vertex 15.216904260722455 4.944271909999158 0.0
    vertex 15.497330578058067 -3.9790381946377953 0.0
  endloop
endfacet
facet normal 0.0 0.0 -1.0
  outer loop
    vertex 15.497330578058067 -3.9790381946377953 0.0
    vertex 15.216904260722455 4.944271909999158 0.0
    vertex 15.497330578058095 3.9790381946376763 0.0
  endloop
endfacet
facet normal 0.0 0.0 -1.0
  outer loop
    vertex 15.497330578058067 -3.9790381946377953 0.0
    vertex 15.497330578058095 3.9790381946376763 0.0
    vertex 15.716596011658993 -2.99810103337172 0.0
  endloop
endfacet
facet normal 0.0 0.0 -1.0
  outer loop
    vertex 15.716596011658993 -2.99810103337172 0.0
    vertex 15.497330578058095 3.9790381946376763 0.0
    vertex 15.716596011659018 2.9981010333715936 0.0
  endloop
endfacet
facet normal 0.0 0.0 -1.0
  outer loop
    vertex 15.716596011658993 -2.99810103337172 0.0
    vertex 15.716596011659018 2.9981010333715936 0.0
    vertex 15.873835221031628 -2.005331737029001 0.0
  endloop
endfacet
facet normal 0.0 0.0 -1.0
  outer loop
    vertex 15.873835221031628 -2.005331737029001 0.0
    vertex 15.716596011659018 2.9981010333715936 0.0
    vertex 15.873835221031644 2.0053317370288677 0.0
  endloop
endfacet
facet normal 0.0 0.0 -1.0
  outer loop
    vertex 15.873835221031628 -2.005331737029001 0.0
    vertex 15.873835221031644 2.0053317370288677 0.0
    vertex 15.968427654852334 -1.0046483124691539 0.0
  endloop
endfacet
facet normal 0.0 0.0 -1.0
  outer loop
    vertex 15.968427654852334 -1.0046483124691539 0.0
    vertex 15.873835221031644 2.0053317370288677 0.0
    vertex 15.968427654852345 1.0046483124690138 0.0
  endloop
endfacet
facet normal 0.0 0.0 -1.0
  outer loop
    vertex 15.968427654852334 -1.0046483124691539 0.0
    vertex 15.968427654852345 1.0046483124690138 0.0
    vertex 15.999999999999998 0.0 0.0
  endloop
endfacet
facet normal 0.0 0.0 -1.0
  outer loop
    vertex -2.2027026310887 0.2315133755582714 0.0
    vertex -2.0053317370288593 -15.873835221031644 0.0
    vertex -2.9981010333715803 -15.716596011659021 0.0
  endloop
endfacet
facet normal 0.0 0.0 -1.0
  outer loop
    vertex -2.0053317370288593 -15.873835221031644 0.0
    vertex -2.2027026310887 0.2315133755582714 0.0
    vertex -2.18756742979391 -0.34647664304009207 0.0
  endloop
endfacet
facet normal 0.0 0.0 -1.0
  outer loop
    vertex -2.0053317370288593 -15.873835221031644 0.0
    vertex -2.18756742979391 -0.34647664304009207 0.0
    vertex -2.023353123284772 -0.9008548509949994 0.0
  endloop
endfacet
facet normal 0.0 0.0 -1.0
  outer loop
    vertex -2.0053317370288593 -15.873835221031644 0.0
    vertex -2.023353123284772 -0.9008548509949994 0.0
    vertex -1.721250645172911 -1.3938412895876273 0.0
  endloop
endfacet
facet normal 0.0 0.0 -1.0
  outer loop
    vertex -2.0053317370288593 -15.873835221031644 0.0
    vertex -1.721250645172911 -1.3938412895876273 0.0
    vertex -1.5000000000000027 -12.999999999999998 0.0
  endloop
endfacet
facet normal 0.0 0.0 -1.0
  outer loop
    vertex -2.0053317370288593 -15.873835221031644 0.0
    vertex -1.5000000000000027 -12.999999999999998 0.0
    vertex -1.4488887394336052 -13.38822856765378 0.0
  endloop
endfacet
facet normal 0.0 0.0 -1.0
  outer loop
    vertex -2.0053317370288593 -15.873835221031644 0.0
    vertex -1.4488887394336052 -13.38822856765378 0.0
    vertex -1.004648312469011 -15.968427654852345 0.0
  endloop
endfacet
facet normal 0.0 0.0 -1.0
  outer loop
    vertex -1.004648312469011 -15.968427654852345 0.0
    vertex -1.4488887394336052 -13.38822856765378 0.0
    vertex -1.299038105676661 -13.749999999999998 0.0
  endloop
endfacet
facet normal 0.0 0.0 -1.0
  outer loop
    vertex -1.004648312469011 -15.968427654852345 0.0
    vertex -1.299038105676661 -13.749999999999998 0.0
    vertex -1.0606601717798247 -14.06066017177982 0.0
  endloop
endfacet
facet normal 0.0 0.0 -1.0
  outer loop
    vertex -1.004648312469011 -15.968427654852345 0.0
    vertex -1.0606601717798247 -14.06066017177982 0.0
    vertex -0.7500000000000034 -14.299038105676658 0.0
  endloop
endfacet
facet normal 0.0 0.0 -1.0
  outer loop
    vertex -1.004648312469011 -15.968427654852345 0.0
    vertex -0.7500000000000034 -14.299038105676658 0.0
    vertex -2.9391523179536475e-15 -15.999999999999998 0.0
  endloop
endfacet
facet normal 0.0 0.0 -1.0
  outer loop
    vertex -2.9391523179536475e-15 -15.999999999999998 0.0
    vertex -0.7500000000000034 -14.299038105676658 0.0
    vertex -0.388228567653785 -14.4488887394336 0.0
  endloop
endfacet
facet normal 0.0 0.0 -1.0
  outer loop
    vertex -2.9391523179536475e-15 -15.999999999999998 0.0
    vertex -0.388228567653785 -14.4488887394336 0.0
    vertex -3.095512012356052e-15 -14.499999999999998 0.0
  endloop
endfacet
facet normal 0.0 0.0 -1.0
  outer loop
    vertex -2.9391523179536475e-15 -15.999999999999998 0.0
    vertex -3.095512012356052e-15 -14.499999999999998 0.0
    vertex 0.3882285676537776 -14.4488887394336 0.0
  endloop
endfacet
facet normal 0.0 0.0 -1.0
  outer loop
    vertex -2.9391523179536475e-15 -15.999999999999998 0.0
    vertex 0.3882285676537776 -14.4488887394336 0.0
    vertex 1.0046483124690053 -15.968427654852345 0.0
  endloop
endfacet
facet normal 0.0 0.0 -1.0
  outer loop
    vertex 1.0046483124690053 -15.968427654852345 0.0
    vertex 0.3882285676537776 -14.4488887394336 0.0
    vertex 0.7499999999999961 -14.299038105676658 0.0
  endloop
endfacet
facet normal 0.0 0.0 -1.0
  outer loop
    vertex 1.0046483124690053 -15.968427654852345 0.0
    vertex 0.7499999999999961 -14.299038105676658 0.0
    vertex 1.0606601717798183 -14.06066017177982 0.0
  endloop
endfacet
facet normal 0.0 0.0 -1.0
  outer loop
    vertex 1.0046483124690053 -15.968427654852345 0.0
    vertex 1.0606601717798183 -14.06066017177982 0.0
    vertex 2.0053317370288535 -15.873835221031648 0.0
  endloop
endfacet
facet normal 0.0 0.0 -1.0
  outer loop
    vertex 2.0053317370288535 -15.873835221031648 0.0
    vertex 1.0606601717798183 -14.06066017177982 0.0
    vertex 1.2990381056766547 -13.75 0.0
  endloop
endfacet
facet normal 0.0 0.0 -1.0
  outer loop
    vertex 2.0053317370288535 -15.873835221031648 0.0
    vertex 1.2990381056766547 -13.75 0.0
    vertex 1.4488887394335992 -13.38822856765378 0.0
  endloop
endfacet
facet normal 0.0 0.0 -1.0
  outer loop
    vertex 2.0053317370288535 -15.873835221031648 0.0
    vertex 1.4488887394335992 -13.38822856765378 0.0
    vertex 1.4999999999999971 -12.999999999999998 0.0
  endloop
endfacet
facet normal 0.0 0.0 -1.0
  outer loop
    vertex 2.0053317370288535 -15.873835221031648 0.0
    vertex 1.4999999999999971 -12.999999999999998 0.0
    vertex 1.7918397477265002 -1.3018477800937007 0.0
  endloop
endfacet
facet normal 0.0 0.0 -1.0
  outer loop
    vertex 2.0053317370288535 -15.873835221031648 0.0
    vertex 1.7918397477265002 -1.3018477800937007 0.0
    vertex 2.067727288213004 -0.793726140206281 0.0
  endloop
endfacet
facet normal 0.0 0.0 -1.0
  outer loop
    vertex 2.0053317370288535 -15.873835221031648 0.0
    vertex 2.067727288213004 -0.793726140206281 0.0
    vertex 2.9981010333715736 -15.716596011659021 0.0
  endloop
endfacet
facet normal 0.0 0.0 -1.0
  outer loop
    vertex 2.9981010333715736 -15.716596011659021 0.0
    vertex 2.067727288213004 -0.793726140206281 0.0
    vertex 2.2027026310886995 -0.23151337555827087 0.0
  endloop
endfacet
facet normal 0.0 0.0 -1.0
  outer loop
    vertex -1.5000000000000027 12.999999999999998 0.0
    vertex -1.393841289587628 1.721250645172911 0.0
    vertex -1.7918397477265002 1.3018477800937005 0.0
  endloop
endfacet
facet normal 0.0 0.0 -1.0
  outer loop
    vertex -1.393841289587628 1.721250645172911 0.0
    vertex -1.5000000000000027 12.999999999999998 0.0
    vertex -1.4488887394336052 12.611771432346218 0.0
  endloop
endfacet
facet normal 0.0 0.0 -1.0
  outer loop
    vertex -1.393841289587628 1.721250645172911 0.0
    vertex -1.4488887394336052 12.611771432346218 0.0
    vertex -1.299038105676661 12.249999999999998 0.0
  endloop
endfacet
facet normal 0.0 0.0 -1.0
  outer loop
    vertex -1.393841289587628 1.721250645172911 0.0
    vertex -1.299038105676661 12.249999999999998 0.0
    vertex -0.9008548509949994 2.023353123284772 0.0
  endloop
endfacet
facet normal 0.0 0.0 -1.0
  outer loop
    vertex -0.9008548509949994 2.023353123284772 0.0
    vertex -1.299038105676661 12.249999999999998 0.0
    vertex -1.0606601717798247 11.939339828220177 0.0
  endloop
endfacet
facet normal 0.0 0.0 -1.0
  outer loop
    vertex -0.9008548509949994 2.023353123284772 0.0
    vertex -1.0606601717798247 11.939339828220177 0.0
    vertex -0.7500000000000034 11.700961894323342 0.0
  endloop
endfacet
facet normal 0.0 0.0 -1.0
  outer loop
    vertex -0.9008548509949994 2.023353123284772 0.0
    vertex -0.7500000000000034 11.700961894323342 0.0
    vertex -0.3464766430400931 2.18756742979391 0.0
  endloop
endfacet
facet normal 0.0 0.0 -1.0
  outer loop
    vertex -0.3464766430400931 2.18756742979391 0.0
    vertex -0.7500000000000034 11.700961894323342 0.0
    vertex -0.388228567653785 11.551111260566396 0.0
  endloop
endfacet
facet normal 0.0 0.0 -1.0
  outer loop
    vertex -0.3464766430400931 2.18756742979391 0.0
    vertex -0.388228567653785 11.551111260566396 0.0
    vertex -3.095512012356052e-15 11.499999999999998 0.0
  endloop
endfacet
facet normal 0.0 0.0 -1.0
  outer loop
    vertex -0.3464766430400931 2.18756742979391 0.0
    vertex -3.095512012356052e-15 11.499999999999998 0.0
    vertex 0.23151337555827087 2.2027026310886995 0.0
  endloop
endfacet
facet normal 0.0 0.0 -1.0
  outer loop
    vertex 0.23151337555827087 2.2027026310886995 0.0
    vertex -3.095512012356052e-15 11.499999999999998 0.0
    vertex 0.3882285676537776 11.551111260566396 0.0
  endloop
endfacet
facet normal 0.0 0.0 -1.0
  outer loop
    vertex 0.23151337555827087 2.2027026310886995 0.0
    vertex 0.3882285676537776 11.551111260566396 0.0
    vertex 0.7937261402062811 2.067727288213004 0.0
  endloop
endfacet
facet normal 0.0 0.0 -1.0
  outer loop
    vertex 0.7937261402062811 2.067727288213004 0.0
    vertex 0.3882285676537776 11.551111260566396 0.0
    vertex 0.7499999999999961 11.70096189432334 0.0
  endloop
endfacet
facet normal 0.0 0.0 -1.0
  outer loop
    vertex 0.7937261402062811 2.067727288213004 0.0
    vertex 0.7499999999999961 11.70096189432334 0.0
    vertex 1.0606601717798183 11.939339828220177 0.0
  endloop
endfacet
facet normal 0.0 0.0 -1.0
  outer loop
    vertex 0.7937261402062811 2.067727288213004 0.0
    vertex 1.0606601717798183 11.939339828220177 0.0
    vertex 1.3018477800937003 1.7918397477265005 0.0
  endloop
endfacet
facet normal 0.0 0.0 -1.0
  outer loop
    vertex 1.3018477800937003 1.7918397477265005 0.0
    vertex 1.0606601717798183 11.939339828220177 0.0
    vertex 1.2990381056766547 12.249999999999996 0.0
  endloop
endfacet
facet normal 0.0 0.0 -1.0
  outer loop
    vertex 1.3018477800937003 1.7918397477265005 0.0
    vertex 1.2990381056766547 12.249999999999996 0.0
    vertex 1.4488887394335992 12.611771432346217 0.0
  endloop
endfacet
facet normal 0.0 0.0 -1.0
  outer loop
    vertex 1.3018477800937003 1.7918397477265005 0.0
    vertex 1.4488887394335992 12.611771432346217 0.0
    vertex 1.721250645172911 1.3938412895876282 0.0
  endloop
endfacet
facet normal 0.0 0.0 -1.0
  outer loop
    vertex 1.721250645172911 1.3938412895876282 0.0
    vertex 1.4488887394335992 12.611771432346217 0.0
    vertex 1.4999999999999971 12.999999999999998 0.0
  endloop
endfacet
facet normal 0.0 0.0 1.0
  outer loop
    vertex -4.944271909999134 -15.216904260722465 3.9999999999999996
    vertex -4.972609476841367 0.5226423163382674 3.9999999999999996
    vertex -5.889992842954818 -14.876423774212034 3.9999999999999996
  endloop
endfacet
facet normal 0.0 0.0 1.0
  outer loop
    vertex -4.972609476841367 0.5226423163382674 3.9999999999999996
    vertex -4.944271909999134 -15.216904260722465 3.9999999999999996
    vertex -4.938441702975689 -0.7821723252011542 3.9999999999999996
  endloop
endfacet
facet normal 0.0 0.0 1.0
  outer loop
    vertex -4.938441702975689 -0.7821723252011542 3.9999999999999996
    vertex -4.944271909999134 -15.216904260722465 3.9999999999999996
    vertex -3.979038194637657 -15.4973305780581 3.9999999999999996
  endloop
endfacet
facet normal 0.0 0.0 1.0
  outer loop
    vertex -4.938441702975689 -0.7821723252011542 3.9999999999999996
    vertex -3.979038194637657 -15.4973305780581 3.9999999999999996
    vertex -4.567727288213006 -2.033683215379 3.9999999999999996
  endloop
endfacet
facet normal 0.0 0.0 1.0
  outer loop
    vertex -4.567727288213006 -2.033683215379 3.9999999999999996
    vertex -3.979038194637657 -15.4973305780581 3.9999999999999996
    vertex -3.8857298072848545 -3.1466019552491864 3.9999999999999996
  endloop
endfacet
facet normal 0.0 0.0 1.0
  outer loop
    vertex -3.8857298072848545 -3.1466019552491864 3.9999999999999996
    vertex -3.979038194637657 -15.4973305780581 3.9999999999999996
    vertex -2.9981010333715803 -15.716596011659021 3.9999999999999996
  endloop
endfacet
facet normal 0.0 0.0 1.0
  outer loop
    vertex -3.8857298072848545 -3.1466019552491864 3.9999999999999996
    vertex -2.9981010333715803 -15.716596011659021 3.9999999999999996
    vertex -2.9389262614623677 -4.045084971874736 3.9999999999999996
  endloop
endfacet
facet normal 0.0 0.0 1.0
  outer loop
    vertex -2.9389262614623677 -4.045084971874736 3.9999999999999996
    vertex -2.9981010333715803 -15.716596011659021 3.9999999999999996
    vertex -2.0053317370288593 -15.873835221031644 3.9999999999999996
  endloop
endfacet
facet normal 0.0 0.0 1.0
  outer loop
    vertex -2.9389262614623677 -4.045084971874736 3.9999999999999996
    vertex -2.0053317370288593 -15.873835221031644 3.9999999999999996
    vertex -1.7918397477265031 -4.667902132486009 3.9999999999999996
  endloop
endfacet
facet normal 0.0 0.0 1.0
  outer loop
    vertex -1.7918397477265031 -4.667902132486009 3.9999999999999996
    vertex -2.0053317370288593 -15.873835221031644 3.9999999999999996
    vertex -1.5000000000000027 -12.999999999999998 3.9999999999999996
  endloop
endfacet
facet normal 0.0 0.0 1.0
  outer loop
    vertex -1.5000000000000027 -12.999999999999998 3.9999999999999996
    vertex -2.0053317370288593 -15.873835221031644 3.9999999999999996
    vertex -1.4488887394336052 -13.38822856765378 3.9999999999999996
  endloop
endfacet
facet normal 0.0 0.0 1.0
  outer loop
    vertex -1.4488887394336052 -13.38822856765378 3.9999999999999996
    vertex -2.0053317370288593 -15.873835221031644 3.9999999999999996
    vertex -1.004648312469011 -15.968427654852345 3.9999999999999996
  endloop
endfacet
facet normal 0.0 0.0 1.0
  outer loop
    vertex -1.4488887394336052 -13.38822856765378 3.9999999999999996
    vertex -1.004648312469011 -15.968427654852345 3.9999999999999996
    vertex -1.299038105676661 -13.749999999999998 3.9999999999999996
  endloop
endfacet
facet normal 0.0 0.0 1.0
  outer loop
    vertex -1.299038105676661 -13.749999999999998 3.9999999999999996
    vertex -1.004648312469011 -15.968427654852345 3.9999999999999996
    vertex -1.0606601717798247 -14.06066017177982 3.9999999999999996
  endloop
endfacet
facet normal 0.0 0.0 1.0
  outer loop
    vertex -1.0606601717798247 -14.06066017177982 3.9999999999999996
    vertex -1.004648312469011 -15.968427654852345 3.9999999999999996
    vertex -0.7500000000000034 -14.299038105676658 3.9999999999999996
  endloop
endfacet
facet normal 0.0 0.0 1.0
  outer loop
    vertex -0.7500000000000034 -14.299038105676658 3.9999999999999996
    vertex -1.004648312469011 -15.968427654852345 3.9999999999999996
    vertex -2.9391523179536475e-15 -15.999999999999998 3.9999999999999996
  endloop
endfacet
facet normal 0.0 0.0 1.0
  outer loop
    vertex -0.7500000000000034 -14.299038105676658 3.9999999999999996
    vertex -2.9391523179536475e-15 -15.999999999999998 3.9999999999999996
    vertex -0.388228567653785 -14.4488887394336 3.9999999999999996
  endloop
endfacet
facet normal 0.0 0.0 1.0
  outer loop
    vertex -0.388228567653785 -14.4488887394336 3.9999999999999996
    vertex -2.9391523179536475e-15 -15.999999999999998 3.9999999999999996
    vertex -3.095512012356052e-15 -14.499999999999998 3.9999999999999996
  endloop
endfacet
facet normal 0.0 0.0 1.0
  outer loop
    vertex -3.095512012356052e-15 -14.499999999999998 3.9999999999999996
    vertex -2.9391523179536475e-15 -15.999999999999998 3.9999999999999996
    vertex 0.3882285676537776 -14.4488887394336 3.9999999999999996
  endloop
endfacet
facet normal 0.0 0.0 1.0
  outer loop
    vertex 0.3882285676537776 -14.4488887394336 3.9999999999999996
    vertex -2.9391523179536475e-15 -15.999999999999998 3.9999999999999996
    vertex 1.0046483124690053 -15.968427654852345 3.9999999999999996
  endloop
endfacet
facet normal 0.0 0.0 1.0
  outer loop
    vertex 0.3882285676537776 -14.4488887394336 3.9999999999999996
    vertex 1.0046483124690053 -15.968427654852345 3.9999999999999996
    vertex 0.7499999999999961 -14.299038105676658 3.9999999999999996
  endloop
endfacet
facet normal 0.0 0.0 1.0
  outer loop
    vertex 0.7499999999999961 -14.299038105676658 3.9999999999999996
    vertex 1.0046483124690053 -15.968427654852345 3.9999999999999996
    vertex 1.0606601717798183 -14.06066017177982 3.9999999999999996
  endloop
endfacet
facet normal 0.0 0.0 1.0
  outer loop
    vertex 1.0606601717798183 -14.06066017177982 3.9999999999999996
    vertex 1.0046483124690053 -15.968427654852345 3.9999999999999996
    vertex 2.0053317370288535 -15.873835221031648 3.9999999999999996
  endloop
endfacet
facet normal 0.0 0.0 1.0
  outer loop
    vertex 1.0606601717798183 -14.06066017177982 3.9999999999999996
    vertex 2.0053317370288535 -15.873835221031648 3.9999999999999996
    vertex 1.2990381056766547 -13.75 3.9999999999999996
  endloop
endfacet
facet normal 0.0 0.0 1.0
  outer loop
    vertex 1.2990381056766547 -13.75 3.9999999999999996
    vertex 2.0053317370288535 -15.873835221031648 3.9999999999999996
    vertex 1.4488887394335992 -13.38822856765378 3.9999999999999996
  endloop
endfacet
facet normal 0.0 0.0 1.0
  outer loop
    vertex 1.4488887394335992 -13.38822856765378 3.9999999999999996
    vertex 2.0053317370288535 -15.873835221031648 3.9999999999999996
    vertex 1.4999999999999971 -12.999999999999998 3.9999999999999996
  endloop
endfacet
facet normal 0.0 0.0 1.0
  outer loop
    vertex -15.968427654852343 -1.0046483124690557 3.9999999999999996
    vertex -15.968427654852345 1.004648312468975 3.9999999999999996
    vertex -15.999999999999998 -4.067312926697024e-14 3.9999999999999996
  endloop
endfacet
facet normal 0.0 0.0 1.0
  outer loop
    vertex -15.968427654852345 1.004648312468975 3.9999999999999996
    vertex -15.968427654852343 -1.0046483124690557 3.9999999999999996
    vertex -15.873835221031648 2.00533173702883 3.9999999999999996
  endloop
endfacet
facet normal 0.0 0.0 1.0
  outer loop
    vertex -15.873835221031648 2.00533173702883 3.9999999999999996
    vertex -15.968427654852343 -1.0046483124690557 3.9999999999999996
    vertex -15.873835221031639 -2.005331737028911 3.9999999999999996
  endloop
endfacet
facet normal 0.0 0.0 1.0
  outer loop
    vertex -15.873835221031648 2.00533173702883 3.9999999999999996
    vertex -15.873835221031639 -2.005331737028911 3.9999999999999996
    vertex -15.716596011659027 2.998101033371558 3.9999999999999996
  endloop
endfacet
facet normal 0.0 0.0 1.0
  outer loop
    vertex -15.716596011659027 2.998101033371558 3.9999999999999996
    vertex -15.873835221031639 -2.005331737028911 3.9999999999999996
    vertex -15.71659601165901 -2.998101033371638 3.9999999999999996
  endloop
endfacet
facet normal 0.0 0.0 1.0
  outer loop
    vertex -15.716596011659027 2.998101033371558 3.9999999999999996
    vertex -15.71659601165901 -2.998101033371638 3.9999999999999996
    vertex -15.497330578058106 3.9790381946376425 3.9999999999999996
  endloop
endfacet
facet normal 0.0 0.0 1.0
  outer loop
    vertex -15.497330578058106 3.9790381946376425 3.9999999999999996
    vertex -15.71659601165901 -2.998101033371638 3.9999999999999996
    vertex -15.497330578058087 -3.9790381946377216 3.9999999999999996
  endloop
endfacet
facet normal 0.0 0.0 1.0
  outer loop
    vertex -15.497330578058106 3.9790381946376425 3.9999999999999996
    vertex -15.497330578058087 -3.9790381946377216 3.9999999999999996
    vertex -15.216904260722465 4.9442719099991255 3.9999999999999996
  endloop
endfacet
facet normal 0.0 0.0 1.0
  outer loop
    vertex -15.216904260722465 4.9442719099991255 3.9999999999999996
    vertex -15.497330578058087 -3.9790381946377216 3.9999999999999996
    vertex -15.21690426072244 -4.944271909999204 3.9999999999999996
  endloop
endfacet
facet normal 0.0 0.0 1.0
  outer loop
    vertex -15.216904260722465 4.9442719099991255 3.9999999999999996
    vertex -15.21690426072244 -4.944271909999204 3.9999999999999996
    vertex -14.876423774212034 5.8899928429548165 3.9999999999999996
  endloop
endfacet
facet normal 0.0 0.0 1.0
  outer loop
    vertex -14.876423774212034 5.8899928429548165 3.9999999999999996
    vertex -15.21690426072244 -4.944271909999204 3.9999999999999996
    vertex -14.876423774212002 -5.889992842954892 3.9999999999999996
  endloop
endfacet
facet normal 0.0 0.0 1.0
  outer loop
    vertex -14.876423774212034 5.8899928429548165 3.9999999999999996
    vertex -14.876423774212002 -5.889992842954892 3.9999999999999996
    vertex -14.477232839456324 6.812468665041134 3.9999999999999996
  endloop
endfacet
facet normal 0.0 0.0 1.0
  outer loop
    vertex -14.477232839456324 6.812468665041134 3.9999999999999996
    vertex -14.876423774212002 -5.889992842954892 3.9999999999999996
    vertex -14.47723283945629 -6.812468665041208 3.9999999999999996
  endloop
endfacet
facet normal 0.0 0.0 1.0
  outer loop
    vertex -14.477232839456324 6.812468665041134 3.9999999999999996
    vertex -14.47723283945629 -6.812468665041208 3.9999999999999996
    vertex -14.020906880701832 7.708058785627418 3.9999999999999996
  endloop
endfacet
facet normal 0.0 0.0 1.0
  outer loop
    vertex -14.020906880701832 7.708058785627418 3.9999999999999996
    vertex -14.47723283945629 -6.812468665041208 3.9999999999999996
    vertex -14.020906880701792 -7.70805878562749 3.9999999999999996
  endloop
endfacet
facet normal 0.0 0.0 1.0
  outer loop
    vertex -14.020906880701832 7.708058785627418 3.9999999999999996
    vertex -14.020906880701792 -7.70805878562749 3.9999999999999996
    vertex -13.509246808032254 8.573228719663922 3.9999999999999996
  endloop
endfacet
facet normal 0.0 0.0 1.0
  outer loop
    vertex -13.509246808032254 8.573228719663922 3.9999999999999996
    vertex -14.020906880701792 -7.70805878562749 3.9999999999999996
    vertex -13.509246808032211 -8.573228719663991 3.9999999999999996
  endloop
endfacet
facet normal 0.0 0.0 1.0
  outer loop
    vertex -13.509246808032254 8.573228719663922 3.9999999999999996
    vertex -13.509246808032211 -8.573228719663991 3.9999999999999996
    vertex -12.944271909999173 9.404564036679549 3.9999999999999996
  endloop
endfacet
facet normal 0.0 0.0 1.0
  outer loop
    vertex -12.944271909999173 9.404564036679549 3.9999999999999996
    vertex -13.509246808032211 -8.573228719663991 3.9999999999999996
    vertex -12.944271909999125 -9.404564036679615 3.9999999999999996
  endloop
endfacet
facet normal 0.0 0.0 1.0
  outer loop
    vertex -12.944271909999173 9.404564036679549 3.9999999999999996
    vertex -12.944271909999125 -9.404564036679615 3.9999999999999996
    vertex -12.328211884412644 10.198783835979015 3.9999999999999996
  endloop
endfacet
facet normal 0.0 0.0 1.0
  outer loop
    vertex -12.328211884412644 10.198783835979015 3.9999999999999996
    vertex -12.944271909999125 -9.404564036679615 3.9999999999999996
    vertex -12.32821188441259 -10.198783835979077 3.9999999999999996
  endloop
endfacet
facet normal 0.0 0.0 1.0
  outer loop
    vertex -12.328211884412644 10.198783835979015 3.9999999999999996
    vertex -12.32821188441259 -10.198783835979077 3.9999999999999996
    vertex -11.663498038742599 10.952753694859002 3.9999999999999996
  endloop
endfacet
facet normal 0.0 0.0 1.0
  outer loop
    vertex -11.663498038742599 10.952753694859002 3.9999999999999996
    vertex -12.32821188441259 -10.198783835979077 3.9999999999999996
    vertex -11.663498038742544 -10.95275369485906 3.9999999999999996
  endloop
endfacet
facet normal 0.0 0.0 1.0
  outer loop
    vertex -11.663498038742599 10.952753694859002 3.9999999999999996
    vertex -11.663498038742544 -10.95275369485906 3.9999999999999996
    vertex -10.952753694859034 11.663498038742569 3.9999999999999996
  endloop
endfacet
facet normal 0.0 0.0 1.0
  outer loop
    vertex -10.952753694859034 11.663498038742569 3.9999999999999996
    vertex -11.663498038742544 -10.95275369485906 3.9999999999999996
    vertex -10.952753694858975 -11.663498038742624 3.9999999999999996
  endloop
endfacet
facet normal 0.0 0.0 1.0
  outer loop
    vertex -10.952753694859034 11.663498038742569 3.9999999999999996
    vertex -10.952753694858975 -11.663498038742624 3.9999999999999996
    vertex -10.19878383597905 12.328211884412612 3.9999999999999996
  endloop
endfacet
facet normal 0.0 0.0 1.0
  outer loop
    vertex -10.19878383597905 12.328211884412612 3.9999999999999996
    vertex -10.952753694858975 -11.663498038742624 3.9999999999999996
    vertex -10.198783835978988 -12.328211884412665 3.9999999999999996
  endloop
endfacet
facet normal 0.0 0.0 1.0
  outer loop
    vertex -10.19878383597905 12.328211884412612 3.9999999999999996
    vertex -10.198783835978988 -12.328211884412665 3.9999999999999996
    vertex -9.404564036679584 12.944271909999149 3.9999999999999996
  endloop
endfacet
facet normal 0.0 0.0 1.0
  outer loop
    vertex -9.404564036679584 12.944271909999149 3.9999999999999996
    vertex -10.198783835978988 -12.328211884412665 3.9999999999999996
    vertex -9.404564036679528 -12.94427190999919 3.9999999999999996
  endloop
endfacet
facet normal 0.0 0.0 1.0
  outer loop
    vertex -9.404564036679584 12.944271909999149 3.9999999999999996
    vertex -9.404564036679528 -12.94427190999919 3.9999999999999996
    vertex -8.573228719663959 13.50924680803223 3.9999999999999996
  endloop
endfacet
facet normal 0.0 0.0 1.0
  outer loop
    vertex -8.573228719663959 13.50924680803223 3.9999999999999996
    vertex -9.404564036679528 -12.94427190999919 3.9999999999999996
    vertex -8.573228719663904 -13.509246808032264 3.9999999999999996
  endloop
endfacet
facet normal 0.0 0.0 1.0
  outer loop
    vertex -8.573228719663959 13.50924680803223 3.9999999999999996
    vertex -8.573228719663904 -13.509246808032264 3.9999999999999996
    vertex -7.7080587856274585 14.020906880701808 3.9999999999999996
  endloop
endfacet
facet normal 0.0 0.0 1.0
  outer loop
    vertex -7.7080587856274585 14.020906880701808 3.9999999999999996
    vertex -8.573228719663904 -13.509246808032264 3.9999999999999996
    vertex -7.708058785627408 -14.020906880701835 3.9999999999999996
  endloop
endfacet
facet normal 0.0 0.0 1.0
  outer loop
    vertex -7.7080587856274585 14.020906880701808 3.9999999999999996
    vertex -7.708058785627408 -14.020906880701835 3.9999999999999996
    vertex -6.812468665041177 14.477232839456304 3.9999999999999996
  endloop
endfacet
facet normal 0.0 0.0 1.0
  outer loop
    vertex -6.812468665041177 14.477232839456304 3.9999999999999996
    vertex -7.708058785627408 -14.020906880701835 3.9999999999999996
    vertex -6.812468665041129 -14.477232839456327 3.9999999999999996
  endloop
endfacet
facet normal 0.0 0.0 1.0
  outer loop
    vertex -6.812468665041177 14.477232839456304 3.9999999999999996
    vertex -6.812468665041129 -14.477232839456327 3.9999999999999996
    vertex -5.889992842954864 14.876423774212014 3.9999999999999996
  endloop
endfacet
facet normal 0.0 0.0 1.0
  outer loop
    vertex -5.889992842954864 14.876423774212014 3.9999999999999996
    vertex -6.812468665041129 -14.477232839456327 3.9999999999999996
    vertex -5.889992842954818 -14.876423774212034 3.9999999999999996
  endloop
endfacet
facet normal 0.0 0.0 1.0
  outer loop
    vertex -5.889992842954864 14.876423774212014 3.9999999999999996
    vertex -5.889992842954818 -14.876423774212034 3.9999999999999996
    vertex -4.944271909999173 15.216904260722451 3.9999999999999996
  endloop
endfacet
facet normal 0.0 0.0 1.0
  outer loop
    vertex -4.944271909999173 15.216904260722451 3.9999999999999996
    vertex -5.889992842954818 -14.876423774212034 3.9999999999999996
    vertex -4.972609476841367 0.5226423163382674 3.9999999999999996
  endloop
endfacet
facet normal 0.0 0.0 1.0
  outer loop
    vertex -4.944271909999173 15.216904260722451 3.9999999999999996
    vertex -4.972609476841367 0.5226423163382674 3.9999999999999996
    vertex -4.6679021324860095 1.7918397477265005 3.9999999999999996
  endloop
endfacet
facet normal 0.0 0.0 1.0
  outer loop
    vertex -4.944271909999173 15.216904260722451 3.9999999999999996
    vertex -4.6679021324860095 1.7918397477265005 3.9999999999999996
    vertex -3.979038194637691 15.497330578058092 3.9999999999999996
  endloop
endfacet
facet normal 0.0 0.0 1.0
  outer loop
    vertex -3.979038194637691 15.497330578058092 3.9999999999999996
    vertex -4.6679021324860095 1.7918397477265005 3.9999999999999996
    vertex -4.045084971874736 2.9389262614623672 3.9999999999999996
  endloop
endfacet
facet normal 0.0 0.0 1.0
  outer loop
    vertex -3.979038194637691 15.497330578058092 3.9999999999999996
    vertex -4.045084971874736 2.9389262614623672 3.9999999999999996
    vertex -3.146601955249187 3.8857298072848545 3.9999999999999996
  endloop
endfacet
facet normal 0.0 0.0 1.0
  outer loop
    vertex -3.979038194637691 15.497330578058092 3.9999999999999996
    vertex -3.146601955249187 3.8857298072848545 3.9999999999999996
    vertex -2.9981010333716074 15.716596011659016 3.9999999999999996
  endloop
endfacet
facet normal 0.0 0.0 1.0
  outer loop
    vertex -2.9981010333716074 15.716596011659016 3.9999999999999996
    vertex -3.146601955249187 3.8857298072848545 3.9999999999999996
    vertex -2.0336832153790025 4.567727288213004 3.9999999999999996
  endloop
endfacet
facet normal 0.0 0.0 1.0
  outer loop
    vertex -2.9981010333716074 15.716596011659016 3.9999999999999996
    vertex -2.0336832153790025 4.567727288213004 3.9999999999999996
    vertex -2.0053317370288806 15.873835221031642 3.9999999999999996
  endloop
endfacet
facet normal 0.0 0.0 1.0
  outer loop
    vertex -2.0053317370288806 15.873835221031642 3.9999999999999996
    vertex -2.0336832153790025 4.567727288213004 3.9999999999999996
    vertex -0.7821723252011528 4.938441702975689 3.9999999999999996
  endloop
endfacet
facet normal 0.0 0.0 1.0
  outer loop
    vertex -2.0053317370288806 15.873835221031642 3.9999999999999996
    vertex -0.7821723252011528 4.938441702975689 3.9999999999999996
    vertex -1.5000000000000027 12.999999999999998 3.9999999999999996
  endloop
endfacet
facet normal 0.0 0.0 1.0
  outer loop
    vertex -1.5000000000000027 12.999999999999998 3.9999999999999996
    vertex -0.7821723252011528 4.938441702975689 3.9999999999999996
    vertex -1.4488887394336052 12.611771432346218 3.9999999999999996
  endloop
endfacet
facet normal 0.0 0.0 1.0
  outer loop
    vertex -1.4488887394336052 12.611771432346218 3.9999999999999996
    vertex -0.7821723252011528 4.938441702975689 3.9999999999999996
    vertex -1.299038105676661 12.249999999999998 3.9999999999999996
  endloop
endfacet
facet normal 0.0 0.0 1.0
  outer loop
    vertex -1.299038105676661 12.249999999999998 3.9999999999999996
    vertex -0.7821723252011528 4.938441702975689 3.9999999999999996
    vertex -1.0606601717798247 11.939339828220177 3.9999999999999996
  endloop
endfacet
facet normal 0.0 0.0 1.0
  outer loop
    vertex -1.0606601717798247 11.939339828220177 3.9999999999999996
    vertex -0.7821723252011528 4.938441702975689 3.9999999999999996
    vertex -0.7500000000000034 11.700961894323342 3.9999999999999996
  endloop
endfacet
facet normal 0.0 0.0 1.0
  outer loop
    vertex -0.7500000000000034 11.700961894323342 3.9999999999999996
    vertex -0.7821723252011528 4.938441702975689 3.9999999999999996
    vertex 0.5226423163382674 4.972609476841367 3.9999999999999996
  endloop
endfacet
facet normal 0.0 0.0 1.0
  outer loop
    vertex -0.7500000000000034 11.700961894323342 3.9999999999999996
    vertex 0.5226423163382674 4.972609476841367 3.9999999999999996
    vertex -0.388228567653785 11.551111260566396 3.9999999999999996
  endloop
endfacet
facet normal 0.0 0.0 1.0
  outer loop
    vertex -0.388228567653785 11.551111260566396 3.9999999999999996
    vertex 0.5226423163382674 4.972609476841367 3.9999999999999996
    vertex -3.095512012356052e-15 11.499999999999998 3.9999999999999996
  endloop
endfacet
facet normal 0.0 0.0 1.0
  outer loop
    vertex -3.095512012356052e-15 11.499999999999998 3.9999999999999996
    vertex 0.5226423163382674 4.972609476841367 3.9999999999999996
    vertex 0.3882285676537776 11.551111260566396 3.9999999999999996
  endloop
endfacet
facet normal 0.0 0.0 1.0
  outer loop
    vertex 0.3882285676537776 11.551111260566396 3.9999999999999996
    vertex 0.5226423163382674 4.972609476841367 3.9999999999999996
    vertex 0.7499999999999961 11.70096189432334 3.9999999999999996
  endloop
endfacet
facet normal 0.0 0.0 1.0
  outer loop
    vertex 0.7499999999999961 11.70096189432334 3.9999999999999996
    vertex 0.5226423163382674 4.972609476841367 3.9999999999999996
    vertex 1.7918397477265002 4.6679021324860095 3.9999999999999996
  endloop
endfacet
facet normal 0.0 0.0 1.0
  outer loop
    vertex 0.7499999999999961 11.70096189432334 3.9999999999999996
    vertex 1.7918397477265002 4.6679021324860095 3.9999999999999996
    vertex 1.0606601717798183 11.939339828220177 3.9999999999999996
  endloop
endfacet
facet normal 0.0 0.0 1.0
  outer loop
    vertex 1.0606601717798183 11.939339828220177 3.9999999999999996
    vertex 1.7918397477265002 4.6679021324860095 3.9999999999999996
    vertex 1.2990381056766547 12.249999999999996 3.9999999999999996
  endloop
endfacet
facet normal 0.0 0.0 1.0
  outer loop
    vertex 1.2990381056766547 12.249999999999996 3.9999999999999996
    vertex 1.7918397477265002 4.6679021324860095 3.9999999999999996
    vertex 1.4488887394335992 12.611771432346217 3.9999999999999996
  endloop
endfacet
facet normal 0.0 0.0 1.0
  outer loop
    vertex 1.4488887394335992 12.611771432346217 3.9999999999999996
    vertex 1.7918397477265002 4.6679021324860095 3.9999999999999996
    vertex 1.4999999999999971 12.999999999999998 3.9999999999999996
  endloop
endfacet
facet normal 0.0 0.0 1.0
  outer loop
    vertex -1.5000000000000027 -12.999999999999998 3.9999999999999996
    vertex -0.5226423163382681 -4.972609476841367 3.9999999999999996
    vertex -1.7918397477265031 -4.667902132486009 3.9999999999999996
  endloop
endfacet
facet normal 0.0 0.0 1.0
  outer loop
    vertex -0.5226423163382681 -4.972609476841367 3.9999999999999996
    vertex -1.5000000000000027 -12.999999999999998 3.9999999999999996
    vertex -1.4488887394336052 -12.611771432346217 3.9999999999999996
  endloop
endfacet
facet normal 0.0 0.0 1.0
  outer loop
    vertex -0.5226423163382681 -4.972609476841367 3.9999999999999996
    vertex -1.4488887394336052 -12.611771432346217 3.9999999999999996
    vertex -1.2990381056766604 -12.249999999999998 3.9999999999999996
  endloop
endfacet
facet normal 0.0 0.0 1.0
  outer loop
    vertex -0.5226423163382681 -4.972609476841367 3.9999999999999996
    vertex -1.2990381056766604 -12.249999999999998 3.9999999999999996
    vertex -1.0606601717798239 -11.939339828220177 3.9999999999999996
  endloop
endfacet
facet normal 0.0 0.0 1.0
  outer loop
    vertex -0.5226423163382681 -4.972609476841367 3.9999999999999996
    vertex -1.0606601717798239 -11.939339828220177 3.9999999999999996
    vertex -0.7500000000000024 -11.70096189432334 3.9999999999999996
  endloop
endfacet
facet normal 0.0 0.0 1.0
  outer loop
    vertex -0.5226423163382681 -4.972609476841367 3.9999999999999996
    vertex -0.7500000000000024 -11.70096189432334 3.9999999999999996
    vertex -0.3882285676537838 -11.551111260566396 3.9999999999999996
  endloop
endfacet
facet normal 0.0 0.0 1.0
  outer loop
    vertex -0.5226423163382681 -4.972609476841367 3.9999999999999996
    vertex -0.3882285676537838 -11.551111260566396 3.9999999999999996
    vertex 0.7821723252011524 -4.938441702975689 3.9999999999999996
  endloop
endfacet
facet normal 0.0 0.0 1.0
  outer loop
    vertex 0.7821723252011524 -4.938441702975689 3.9999999999999996
    vertex -0.3882285676537838 -11.551111260566396 3.9999999999999996
    vertex -2.728117972611846e-15 -11.499999999999998 3.9999999999999996
  endloop
endfacet
facet normal 0.0 0.0 1.0
  outer loop
    vertex 0.7821723252011524 -4.938441702975689 3.9999999999999996
    vertex -2.728117972611846e-15 -11.499999999999998 3.9999999999999996
    vertex 0.3882285676537786 -11.551111260566396 3.9999999999999996
  endloop
endfacet
facet normal 0.0 0.0 1.0
  outer loop
    vertex 0.7821723252011524 -4.938441702975689 3.9999999999999996
    vertex 0.3882285676537786 -11.551111260566396 3.9999999999999996
    vertex 0.7499999999999973 -11.700961894323342 3.9999999999999996
  endloop
endfacet
facet normal 0.0 0.0 1.0
  outer loop
    vertex 0.7821723252011524 -4.938441702975689 3.9999999999999996
    vertex 0.7499999999999973 -11.700961894323342 3.9999999999999996
    vertex 1.0606601717798185 -11.939339828220177 3.9999999999999996
  endloop
endfacet
facet normal 0.0 0.0 1.0
  outer loop
    vertex 0.7821723252011524 -4.938441702975689 3.9999999999999996
    vertex 1.0606601717798185 -11.939339828220177 3.9999999999999996
    vertex 2.033683215379 -4.567727288213006 3.9999999999999996
  endloop
endfacet
facet normal 0.0 0.0 1.0
  outer loop
    vertex 2.033683215379 -4.567727288213006 3.9999999999999996
    vertex 1.0606601717798185 -11.939339828220177 3.9999999999999996
    vertex 1.2990381056766551 -12.249999999999998 3.9999999999999996
  endloop
endfacet
facet normal 0.0 0.0 1.0
  outer loop
    vertex 2.033683215379 -4.567727288213006 3.9999999999999996
    vertex 1.2990381056766551 -12.249999999999998 3.9999999999999996
    vertex 1.4488887394335996 -12.611771432346217 3.9999999999999996
  endloop
endfacet
facet normal 0.0 0.0 1.0
  outer loop
    vertex 2.033683215379 -4.567727288213006 3.9999999999999996
    vertex 1.4488887394335996 -12.611771432346217 3.9999999999999996
    vertex 1.4999999999999971 -12.999999999999998 3.9999999999999996
  endloop
endfacet
facet normal 0.0 0.0 1.0
  outer loop
    vertex 2.033683215379 -4.567727288213006 3.9999999999999996
    vertex 1.4999999999999971 -12.999999999999998 3.9999999999999996
    vertex 2.0053317370288535 -15.873835221031648 3.9999999999999996
  endloop
endfacet
facet normal 0.0 0.0 1.0
  outer loop
    vertex 2.033683215379 -4.567727288213006 3.9999999999999996
    vertex 2.0053317370288535 -15.873835221031648 3.9999999999999996
    vertex 2.9981010333715736 -15.716596011659021 3.9999999999999996
  endloop
endfacet
facet normal 0.0 0.0 1.0
  outer loop
    vertex 2.033683215379 -4.567727288213006 3.9999999999999996
    vertex 2.9981010333715736 -15.716596011659021 3.9999999999999996
    vertex 3.146601955249186 -3.8857298072848554 3.9999999999999996
  endloop
endfacet
facet normal 0.0 0.0 1.0
  outer loop
    vertex 3.146601955249186 -3.8857298072848554 3.9999999999999996
    vertex 2.9981010333715736 -15.716596011659021 3.9999999999999996
    vertex 3.9790381946376514 -15.497330578058103 3.9999999999999996
  endloop
endfacet
facet normal 0.0 0.0 1.0
  outer loop
    vertex 3.146601955249186 -3.8857298072848554 3.9999999999999996
    vertex 3.9790381946376514 -15.497330578058103 3.9999999999999996
    vertex 4.0450849718747355 -2.9389262614623677 3.9999999999999996
  endloop
endfacet
facet normal 0.0 0.0 1.0
  outer loop
    vertex 4.0450849718747355 -2.9389262614623677 3.9999999999999996
    vertex 3.9790381946376514 -15.497330578058103 3.9999999999999996
    vertex 4.944271909999129 -15.216904260722465 3.9999999999999996
  endloop
endfacet
facet normal 0.0 0.0 1.0
  outer loop
    vertex 4.0450849718747355 -2.9389262614623677 3.9999999999999996
    vertex 4.944271909999129 -15.216904260722465 3.9999999999999996
    vertex 4.667902132486009 -1.7918397477265031 3.9999999999999996
  endloop
endfacet
facet normal 0.0 0.0 1.0
  outer loop
    vertex 4.667902132486009 -1.7918397477265031 3.9999999999999996
    vertex 4.944271909999129 -15.216904260722465 3.9999999999999996
    vertex 4.972609476841367 -0.5226423163382692 3.9999999999999996
  endloop
endfacet
facet normal 0.0 0.0 1.0
  outer loop
    vertex 4.972609476841367 -0.5226423163382692 3.9999999999999996
    vertex 4.944271909999129 -15.216904260722465 3.9999999999999996
    vertex 5.889992842954812 -14.876423774212034 3.9999999999999996
  endloop
endfacet
facet normal 0.0 0.0 1.0
  outer loop
    vertex -2.0053317370288806 15.873835221031642 3.9999999999999996
    vertex -1.4488887394336052 13.38822856765378 3.9999999999999996
    vertex -1.0046483124690249 15.968427654852345 3.9999999999999996
  endloop
endfacet
facet normal 0.0 0.0 1.0
  outer loop
    vertex -1.4488887394336052 13.38822856765378 3.9999999999999996
    vertex -2.0053317370288806 15.873835221031642 3.9999999999999996
    vertex -1.5000000000000027 12.999999999999998 3.9999999999999996
  endloop
endfacet
facet normal 0.0 0.0 1.0
  outer loop
    vertex -1.0046483124690249 15.968427654852345 3.9999999999999996
    vertex -1.4488887394336052 13.38822856765378 3.9999999999999996
    vertex -1.2990381056766604 13.75 3.9999999999999996
  endloop
endfacet
facet normal 0.0 0.0 1.0
  outer loop
    vertex -1.0046483124690249 15.968427654852345 3.9999999999999996
    vertex -1.2990381056766604 13.75 3.9999999999999996
    vertex -1.0606601717798239 14.06066017177982 3.9999999999999996
  endloop
endfacet
facet normal 0.0 0.0 1.0
  outer loop
    vertex -1.0046483124690249 15.968427654852345 3.9999999999999996
    vertex -1.0606601717798239 14.06066017177982 3.9999999999999996
    vertex -0.7500000000000024 14.299038105676658 3.9999999999999996
  endloop
endfacet
facet normal 0.0 0.0 1.0
  outer loop
    vertex -1.0046483124690249 15.968427654852345 3.9999999999999996
    vertex -0.7500000000000024 14.299038105676658 3.9999999999999996
    vertex -9.678423597083618e-15 15.999999999999998 3.9999999999999996
  endloop
endfacet
facet normal 0.0 0.0 1.0
  outer loop
    vertex -9.678423597083618e-15 15.999999999999998 3.9999999999999996
    vertex -0.7500000000000024 14.299038105676658 3.9999999999999996
    vertex -0.3882285676537838 14.4488887394336 3.9999999999999996
  endloop
endfacet
facet normal 0.0 0.0 1.0
  outer loop
    vertex -9.678423597083618e-15 15.999999999999998 3.9999999999999996
    vertex -0.3882285676537838 14.4488887394336 3.9999999999999996
    vertex -2.728117972611846e-15 14.499999999999998 3.9999999999999996
  endloop
endfacet
facet normal 0.0 0.0 1.0
  outer loop
    vertex -9.678423597083618e-15 15.999999999999998 3.9999999999999996
    vertex -2.728117972611846e-15 14.499999999999998 3.9999999999999996
    vertex 1.0046483124690053 15.968427654852345 3.9999999999999996
  endloop
endfacet
facet normal 0.0 0.0 1.0
  outer loop
    vertex 1.0046483124690053 15.968427654852345 3.9999999999999996
    vertex -2.728117972611846e-15 14.499999999999998 3.9999999999999996
    vertex 0.3882285676537786 14.4488887394336 3.9999999999999996
  endloop
endfacet
facet normal 0.0 0.0 1.0
  outer loop
    vertex 1.0046483124690053 15.968427654852345 3.9999999999999996
    vertex 0.3882285676537786 14.4488887394336 3.9999999999999996
    vertex 0.7499999999999973 14.299038105676658 3.9999999999999996
  endloop
endfacet
facet normal 0.0 0.0 1.0
  outer loop
    vertex 1.0046483124690053 15.968427654852345 3.9999999999999996
    vertex 0.7499999999999973 14.299038105676658 3.9999999999999996
    vertex 1.0606601717798185 14.06066017177982 3.9999999999999996
  endloop
endfacet
facet normal 0.0 0.0 1.0
  outer loop
    vertex 1.0046483124690053 15.968427654852345 3.9999999999999996
    vertex 1.0606601717798185 14.06066017177982 3.9999999999999996
    vertex 2.005331737028861 15.873835221031644 3.9999999999999996
  endloop
endfacet
facet normal 0.0 0.0 1.0
  outer loop
    vertex 2.005331737028861 15.873835221031644 3.9999999999999996
    vertex 1.0606601717798185 14.06066017177982 3.9999999999999996
    vertex 1.2990381056766551 13.749999999999998 3.9999999999999996
  endloop
endfacet
facet normal 0.0 0.0 1.0
  outer loop
    vertex 2.005331737028861 15.873835221031644 3.9999999999999996
    vertex 1.2990381056766551 13.749999999999998 3.9999999999999996
    vertex 1.4488887394335996 13.38822856765378 3.9999999999999996
  endloop
endfacet
facet normal 0.0 0.0 1.0
  outer loop
    vertex 2.005331737028861 15.873835221031644 3.9999999999999996
    vertex 1.4488887394335996 13.38822856765378 3.9999999999999996
    vertex 1.4999999999999971 12.999999999999998 3.9999999999999996
  endloop
endfacet
facet normal 0.0 0.0 1.0
  outer loop
    vertex 2.005331737028861 15.873835221031644 3.9999999999999996
    vertex 1.4999999999999971 12.999999999999998 3.9999999999999996
    vertex 1.7918397477265002 4.6679021324860095 3.9999999999999996
  endloop
endfacet
facet normal 0.0 0.0 1.0
  outer loop
    vertex 2.005331737028861 15.873835221031644 3.9999999999999996
    vertex 1.7918397477265002 4.6679021324860095 3.9999999999999996
    vertex 2.9389262614623677 4.0450849718747355 3.9999999999999996
  endloop
endfacet
facet normal 0.0 0.0 1.0
  outer loop
    vertex 2.005331737028861 15.873835221031644 3.9999999999999996
    vertex 2.9389262614623677 4.0450849718747355 3.9999999999999996
    vertex 2.9981010333715887 15.716596011659018 3.9999999999999996
  endloop
endfacet
facet normal 0.0 0.0 1.0
  outer loop
    vertex 2.9981010333715887 15.716596011659018 3.9999999999999996
    vertex 2.9389262614623677 4.0450849718747355 3.9999999999999996
    vertex 3.8857298072848563 3.1466019552491855 3.9999999999999996
  endloop
endfacet
facet normal 0.0 0.0 1.0
  outer loop
    vertex 2.9981010333715887 15.716596011659018 3.9999999999999996
    vertex 3.8857298072848563 3.1466019552491855 3.9999999999999996
    vertex 3.9790381946376727 15.497330578058097 3.9999999999999996
  endloop
endfacet
facet normal 0.0 0.0 1.0
  outer loop
    vertex 3.9790381946376727 15.497330578058097 3.9999999999999996
    vertex 3.8857298072848563 3.1466019552491855 3.9999999999999996
    vertex 4.567727288213006 2.0336832153789994 3.9999999999999996
  endloop
endfacet
facet normal 0.0 0.0 1.0
  outer loop
    vertex 3.9790381946376727 15.497330578058097 3.9999999999999996
    vertex 4.567727288213006 2.0336832153789994 3.9999999999999996
    vertex 4.944271909999156 15.216904260722456 3.9999999999999996
  endloop
endfacet
facet normal 0.0 0.0 1.0
  outer loop
    vertex 4.944271909999156 15.216904260722456 3.9999999999999996
    vertex 4.567727288213006 2.0336832153789994 3.9999999999999996
    vertex 4.938441702975689 0.7821723252011524 3.9999999999999996
  endloop
endfacet
facet normal 0.0 0.0 1.0
  outer loop
    vertex 4.944271909999156 15.216904260722456 3.9999999999999996
    vertex 4.938441702975689 0.7821723252011524 3.9999999999999996
    vertex 4.972609476841367 -0.5226423163382692 3.9999999999999996
  endloop
endfacet
facet normal 0.0 0.0 1.0
  outer loop
    vertex 4.944271909999156 15.216904260722456 3.9999999999999996
    vertex 4.972609476841367 -0.5226423163382692 3.9999999999999996
    vertex 5.889992842954846 14.876423774212022 3.9999999999999996
  endloop
endfacet
facet normal 0.0 0.0 1.0
  outer loop
    vertex 5.889992842954846 14.876423774212022 3.9999999999999996
    vertex 4.972609476841367 -0.5226423163382692 3.9999999999999996
    vertex 5.889992842954812 -14.876423774212034 3.9999999999999996
  endloop
endfacet
facet normal 0.0 0.0 1.0
  outer loop
    vertex 5.889992842954846 14.876423774212022 3.9999999999999996
    vertex 5.889992842954812 -14.876423774212034 3.9999999999999996
    vertex 6.812468665041123 -14.47723283945633 3.9999999999999996
  endloop
endfacet
facet normal 0.0 0.0 1.0
  outer loop
    vertex 5.889992842954846 14.876423774212022 3.9999999999999996
    vertex 6.812468665041123 -14.47723283945633 3.9999999999999996
    vertex 6.8124686650411626 14.477232839456313 3.9999999999999996
  endloop
endfacet
facet normal 0.0 0.0 1.0
  outer loop
    vertex 6.8124686650411626 14.477232839456313 3.9999999999999996
    vertex 6.812468665041123 -14.47723283945633 3.9999999999999996
    vertex 7.708058785627401 -14.02090688070184 3.9999999999999996
  endloop
endfacet
facet normal 0.0 0.0 1.0
  outer loop
    vertex 6.8124686650411626 14.477232839456313 3.9999999999999996
    vertex 7.708058785627401 -14.02090688070184 3.9999999999999996
    vertex 7.708058785627445 14.020906880701816 3.9999999999999996
  endloop
endfacet
facet normal 0.0 0.0 1.0
  outer loop
    vertex 7.708058785627445 14.020906880701816 3.9999999999999996
    vertex 7.708058785627401 -14.02090688070184 3.9999999999999996
    vertex 8.573228719663899 -13.509246808032271 3.9999999999999996
  endloop
endfacet
facet normal 0.0 0.0 1.0
  outer loop
    vertex 7.708058785627445 14.020906880701816 3.9999999999999996
    vertex 8.573228719663899 -13.509246808032271 3.9999999999999996
    vertex 8.573228719663947 13.50924680803224 3.9999999999999996
  endloop
endfacet
facet normal 0.0 0.0 1.0
  outer loop
    vertex 8.573228719663947 13.50924680803224 3.9999999999999996
    vertex 8.573228719663899 -13.509246808032271 3.9999999999999996
    vertex 9.40456403667952 -12.944271909999193 3.9999999999999996
  endloop
endfacet
facet normal 0.0 0.0 1.0
  outer loop
    vertex 8.573228719663947 13.50924680803224 3.9999999999999996
    vertex 9.40456403667952 -12.944271909999193 3.9999999999999996
    vertex 9.404564036679574 12.944271909999154 3.9999999999999996
  endloop
endfacet
facet normal 0.0 0.0 1.0
  outer loop
    vertex 9.404564036679574 12.944271909999154 3.9999999999999996
    vertex 9.40456403667952 -12.944271909999193 3.9999999999999996
    vertex 10.198783835978983 -12.32821188441267 3.9999999999999996
  endloop
endfacet
facet normal 0.0 0.0 1.0
  outer loop
    vertex 9.404564036679574 12.944271909999154 3.9999999999999996
    vertex 10.198783835978983 -12.32821188441267 3.9999999999999996
    vertex 10.19878383597904 12.328211884412624 3.9999999999999996
  endloop
endfacet
facet normal 0.0 0.0 1.0
  outer loop
    vertex 10.19878383597904 12.328211884412624 3.9999999999999996
    vertex 10.198783835978983 -12.32821188441267 3.9999999999999996
    vertex 10.952753694858966 -11.663498038742633 3.9999999999999996
  endloop
endfacet
facet normal 0.0 0.0 1.0
  outer loop
    vertex 10.19878383597904 12.328211884412624 3.9999999999999996
    vertex 10.952753694858966 -11.663498038742633 3.9999999999999996
    vertex 10.952753694859021 11.66349803874258 3.9999999999999996
  endloop
endfacet
facet normal 0.0 0.0 1.0
  outer loop
    vertex 10.952753694859021 11.66349803874258 3.9999999999999996
    vertex 10.952753694858966 -11.663498038742633 3.9999999999999996
    vertex 11.66349803874253 -10.952753694859075 3.9999999999999996
  endloop
endfacet
facet normal 0.0 0.0 1.0
  outer loop
    vertex 10.952753694859021 11.66349803874258 3.9999999999999996
    vertex 11.66349803874253 -10.952753694859075 3.9999999999999996
    vertex 11.663498038742585 10.952753694859014 3.9999999999999996
  endloop
endfacet
facet normal 0.0 0.0 1.0
  outer loop
    vertex 11.663498038742585 10.952753694859014 3.9999999999999996
    vertex 11.66349803874253 -10.952753694859075 3.9999999999999996
    vertex 12.328211884412575 -10.198783835979098 3.9999999999999996
  endloop
endfacet
facet normal 0.0 0.0 1.0
  outer loop
    vertex 11.663498038742585 10.952753694859014 3.9999999999999996
    vertex 12.328211884412575 -10.198783835979098 3.9999999999999996
    vertex 12.32821188441263 10.198783835979034 3.9999999999999996
  endloop
endfacet
facet normal 0.0 0.0 1.0
  outer loop
    vertex 12.32821188441263 10.198783835979034 3.9999999999999996
    vertex 12.328211884412575 -10.198783835979098 3.9999999999999996
    vertex 12.944271909999106 -9.40456403667964 3.9999999999999996
  endloop
endfacet
facet normal 0.0 0.0 1.0
  outer loop
    vertex 12.32821188441263 10.198783835979034 3.9999999999999996
    vertex 12.944271909999106 -9.40456403667964 3.9999999999999996
    vertex 12.94427190999916 9.404564036679568 3.9999999999999996
  endloop
endfacet
facet normal 0.0 0.0 1.0
  outer loop
    vertex 12.94427190999916 9.404564036679568 3.9999999999999996
    vertex 12.944271909999106 -9.40456403667964 3.9999999999999996
    vertex 13.509246808032191 -8.573228719664025 3.9999999999999996
  endloop
endfacet
facet normal 0.0 0.0 1.0
  outer loop
    vertex 12.94427190999916 9.404564036679568 3.9999999999999996
    vertex 13.509246808032191 -8.573228719664025 3.9999999999999996
    vertex 13.509246808032243 8.573228719663945 3.9999999999999996
  endloop
endfacet
facet normal 0.0 0.0 1.0
  outer loop
    vertex 13.509246808032243 8.573228719663945 3.9999999999999996
    vertex 13.509246808032191 -8.573228719664025 3.9999999999999996
    vertex 14.02090688070177 -7.708058785627531 3.9999999999999996
  endloop
endfacet
facet normal 0.0 0.0 1.0
  outer loop
    vertex 13.509246808032243 8.573228719663945 3.9999999999999996
    vertex 14.02090688070177 -7.708058785627531 3.9999999999999996
    vertex 14.020906880701817 7.7080587856274425 3.9999999999999996
  endloop
endfacet
facet normal 0.0 0.0 1.0
  outer loop
    vertex 14.020906880701817 7.7080587856274425 3.9999999999999996
    vertex 14.02090688070177 -7.708058785627531 3.9999999999999996
    vertex 14.477232839456265 -6.812468665041257 3.9999999999999996
  endloop
endfacet
facet normal 0.0 0.0 1.0
  outer loop
    vertex 14.020906880701817 7.7080587856274425 3.9999999999999996
    vertex 14.477232839456265 -6.812468665041257 3.9999999999999996
    vertex 14.477232839456313 6.812468665041161 3.9999999999999996
  endloop
endfacet
facet normal 0.0 0.0 1.0
  outer loop
    vertex 14.477232839456313 6.812468665041161 3.9999999999999996
    vertex 14.477232839456265 -6.812468665041257 3.9999999999999996
    vertex 14.87642377421198 -5.88999284295495 3.9999999999999996
  endloop
endfacet
facet normal 0.0 0.0 1.0
  outer loop
    vertex 14.477232839456313 6.812468665041161 3.9999999999999996
    vertex 14.87642377421198 -5.88999284295495 3.9999999999999996
    vertex 14.876423774212022 5.889992842954847 3.9999999999999996
  endloop
endfacet
facet normal 0.0 0.0 1.0
  outer loop
    vertex 14.876423774212022 5.889992842954847 3.9999999999999996
    vertex 14.87642377421198 -5.88999284295495 3.9999999999999996
    vertex 15.216904260722421 -4.944271909999269 3.9999999999999996
  endloop
endfacet
facet normal 0.0 0.0 1.0
  outer loop
    vertex 14.876423774212022 5.889992842954847 3.9999999999999996
    vertex 15.216904260722421 -4.944271909999269 3.9999999999999996
    vertex 15.216904260722455 4.944271909999158 3.9999999999999996
  endloop
endfacet
facet normal 0.0 0.0 1.0
  outer loop
    vertex 15.216904260722455 4.944271909999158 3.9999999999999996
    vertex 15.216904260722421 -4.944271909999269 3.9999999999999996
    vertex 15.497330578058067 -3.9790381946377953 3.9999999999999996
  endloop
endfacet
facet normal 0.0 0.0 1.0
  outer loop
    vertex 15.216904260722455 4.944271909999158 3.9999999999999996
    vertex 15.497330578058067 -3.9790381946377953 3.9999999999999996
    vertex 15.497330578058095 3.9790381946376763 3.9999999999999996
  endloop
endfacet
facet normal 0.0 0.0 1.0
  outer loop
    vertex 15.497330578058095 3.9790381946376763 3.9999999999999996
    vertex 15.497330578058067 -3.9790381946377953 3.9999999999999996
    vertex 15.716596011658993 -2.99810103337172 3.9999999999999996
  endloop
endfacet
facet normal 0.0 0.0 1.0
  outer loop
    vertex 15.497330578058095 3.9790381946376763 3.9999999999999996
    vertex 15.716596011658993 -2.99810103337172 3.9999999999999996
    vertex 15.716596011659018 2.9981010333715936 3.9999999999999996
  endloop
endfacet
facet normal 0.0 0.0 1.0
  outer loop
    vertex 15.716596011659018 2.9981010333715936 3.9999999999999996
    vertex 15.716596011658993 -2.99810103337172 3.9999999999999996
    vertex 15.873835221031628 -2.005331737029001 3.9999999999999996
  endloop
endfacet
facet normal 0.0 0.0 1.0
  outer loop
    vertex 15.716596011659018 2.9981010333715936 3.9999999999999996
    vertex 15.873835221031628 -2.005331737029001 3.9999999999999996
    vertex 15.873835221031644 2.0053317370288677 3.9999999999999996
  endloop
endfacet
facet normal 0.0 0.0 1.0
  outer loop
    vertex 15.873835221031644 2.0053317370288677 3.9999999999999996
    vertex 15.873835221031628 -2.005331737029001 3.9999999999999996
    vertex 15.968427654852334 -1.0046483124691539 3.9999999999999996
  endloop
endfacet
facet normal 0.0 0.0 1.0
  outer loop
    vertex 15.873835221031644 2.0053317370288677 3.9999999999999996
    vertex 15.968427654852334 -1.0046483124691539 3.9999999999999996
    vertex 15.968427654852345 1.0046483124690138 3.9999999999999996
  endloop
endfacet
facet normal 0.0 0.0 1.0
  outer loop
    vertex 15.968427654852345 1.0046483124690138 3.9999999999999996
    vertex 15.968427654852334 -1.0046483124691539 3.9999999999999996
    vertex 15.999999999999998 0.0 3.9999999999999996
  endloop
endfacet
facet normal 0.9995065603657315 -0.031410759078133815 0.0
  outer loop
    vertex 15.999999999999998 0.0 0.0
    vertex 15.968427654852334 -1.0046483124691539 3.9999999999999996
    vertex 15.968427654852334 -1.0046483124691539 0.0
  endloop
endfacet
facet normal 0.9995065603657315 -0.031410759078133815 0.0
  outer loop
    vertex 15.968427654852334 -1.0046483124691539 3.9999999999999996
    vertex 15.999999999999998 0.0 0.0
    vertex 15.999999999999998 0.0 3.9999999999999996
  endloop
endfacet
facet normal 0.9955619646030793 -0.09410831331852103 0.0
  outer loop
    vertex 15.968427654852334 -1.0046483124691539 0.0
    vertex 15.873835221031628 -2.005331737029001 3.9999999999999996
    vertex 15.873835221031628 -2.005331737029001 0.0
  endloop
endfacet
facet normal 0.9955619646030793 -0.09410831331852103 0.0
  outer loop
    vertex 15.873835221031628 -2.005331737029001 3.9999999999999996
    vertex 15.968427654852334 -1.0046483124691539 0.0
    vertex 15.968427654852334 -1.0046483124691539 3.9999999999999996
  endloop
endfacet
facet normal 0.9876883405951363 -0.1564344650402403 0.0
  outer loop
    vertex 15.873835221031628 -2.005331737029001 0.0
    vertex 15.716596011658993 -2.99810103337172 3.9999999999999996
    vertex 15.716596011658993 -2.99810103337172 0.0
  endloop
endfacet
facet normal 0.9876883405951363 -0.1564344650402403 0.0
  outer loop
    vertex 15.716596011658993 -2.99810103337172 3.9999999999999996
    vertex 15.873835221031628 -2.005331737029001 0.0
    vertex 15.873835221031628 -2.005331737029001 3.9999999999999996
  endloop
endfacet
facet normal 0.975916761938746 -0.21814324139654936 0.0
  outer loop
    vertex 15.716596011658993 -2.99810103337172 0.0
    vertex 15.497330578058067 -3.9790381946377953 3.9999999999999996
    vertex 15.497330578058067 -3.9790381946377953 0.0
  endloop
endfacet
facet normal 0.975916761938746 -0.21814324139654936 0.0
  outer loop
    vertex 15.497330578058067 -3.9790381946377953 3.9999999999999996
    vertex 15.716596011658993 -2.99810103337172 0.0
    vertex 15.716596011658993 -2.99810103337172 3.9999999999999996
  endloop
endfacet
facet normal 0.9602936856769411 -0.27899110603923655 0.0
  outer loop
    vertex 15.497330578058067 -3.9790381946377953 0.0
    vertex 15.216904260722421 -4.944271909999269 3.9999999999999996
    vertex 15.216904260722421 -4.944271909999269 0.0
  endloop
endfacet
facet normal 0.9602936856769411 -0.27899110603923655 0.0
  outer loop
    vertex 15.216904260722421 -4.944271909999269 3.9999999999999996
    vertex 15.497330578058067 -3.9790381946377953 0.0
    vertex 15.497330578058067 -3.9790381946377953 3.9999999999999996
  endloop
endfacet
facet normal 0.940880768954223 -0.33873792024529875 0.0
  outer loop
    vertex 15.216904260722421 -4.944271909999269 0.0
    vertex 14.87642377421198 -5.88999284295495 3.9999999999999996
    vertex 14.87642377421198 -5.88999284295495 0.0
  endloop
endfacet
facet normal 0.940880768954223 -0.33873792024529875 0.0
  outer loop
    vertex 14.87642377421198 -5.88999284295495 3.9999999999999996
    vertex 15.216904260722421 -4.944271909999269 0.0
    vertex 15.216904260722421 -4.944271909999269 3.9999999999999996
  endloop
endfacet
facet normal 0.9177546256839781 -0.3971478906347876 0.0
  outer loop
    vertex 14.87642377421198 -5.88999284295495 0.0
    vertex 14.477232839456265 -6.812468665041257 3.9999999999999996
    vertex 14.477232839456265 -6.812468665041257 0.0
  endloop
endfacet
facet normal 0.9177546256839781 -0.3971478906347876 0.0
  outer loop
    vertex 14.477232839456265 -6.812468665041257 3.9999999999999996
    vertex 14.87642377421198 -5.88999284295495 0.0
    vertex 14.87642377421198 -5.88999284295495 3.9999999999999996
  endloop
endfacet
facet normal 0.8910065241883661 -0.4539904997395502 0.0
  outer loop
    vertex 14.477232839456265 -6.812468665041257 0.0
    vertex 14.02090688070177 -7.708058785627531 3.9999999999999996
    vertex 14.02090688070177 -7.708058785627531 0.0
  endloop
endfacet
facet normal 0.8910065241883661 -0.4539904997395502 0.0
  outer loop
    vertex 14.02090688070177 -7.708058785627531 3.9999999999999996
    vertex 14.477232839456265 -6.812468665041257 0.0
    vertex 14.477232839456265 -6.812468665041257 3.9999999999999996
  endloop
endfacet
facet normal 0.8607420270039408 -0.5090414157503762 0.0
  outer loop
    vertex 14.02090688070177 -7.708058785627531 0.0
    vertex 13.509246808032191 -8.573228719664025 3.9999999999999996
    vertex 13.509246808032191 -8.573228719664025 0.0
  endloop
endfacet
facet normal 0.8607420270039408 -0.5090414157503762 0.0
  outer loop
    vertex 13.509246808032191 -8.573228719664025 3.9999999999999996
    vertex 14.02090688070177 -7.708058785627531 0.0
    vertex 14.02090688070177 -7.708058785627531 3.9999999999999996
  endloop
endfacet
facet normal 0.8270805742745573 -0.5620833778521374 0.0
  outer loop
    vertex 13.509246808032191 -8.573228719664025 0.0
    vertex 12.944271909999106 -9.40456403667964 3.9999999999999996
    vertex 12.944271909999106 -9.40456403667964 0.0
  endloop
endfacet
facet normal 0.8270805742745573 -0.5620833778521374 0.0
  outer loop
    vertex 12.944271909999106 -9.40456403667964 3.9999999999999996
    vertex 13.509246808032191 -8.573228719664025 0.0
    vertex 13.509246808032191 -8.573228719664025 3.9999999999999996
  endloop
endfacet
facet normal 0.7901550123756881 -0.6129070536529797 0.0
  outer loop
    vertex 12.944271909999106 -9.40456403667964 0.0
    vertex 12.328211884412575 -10.198783835979098 3.9999999999999996
    vertex 12.328211884412575 -10.198783835979098 0.0
  endloop
endfacet
facet normal 0.7901550123756881 -0.6129070536529797 0.0
  outer loop
    vertex 12.328211884412575 -10.198783835979098 3.9999999999999996
    vertex 12.944271909999106 -9.40456403667964 0.0
    vertex 12.944271909999106 -9.40456403667964 3.9999999999999996
  endloop
endfacet
facet normal 0.7501110696304559 -0.6613118653236562 0.0
  outer loop
    vertex 12.328211884412575 -10.198783835979098 0.0
    vertex 11.66349803874253 -10.952753694859075 3.9999999999999996
    vertex 11.66349803874253 -10.952753694859075 0.0
  endloop
endfacet
facet normal 0.7501110696304559 -0.6613118653236562 0.0
  outer loop
    vertex 11.66349803874253 -10.952753694859075 3.9999999999999996
    vertex 12.328211884412575 -10.198783835979098 0.0
    vertex 12.328211884412575 -10.198783835979098 3.9999999999999996
  endloop
endfacet
facet normal 0.7071067811865447 -0.7071067811865503 0.0
  outer loop
    vertex 11.66349803874253 -10.952753694859075 3.9999999999999996
    vertex 10.952753694858966 -11.663498038742633 0.0
    vertex 11.66349803874253 -10.952753694859075 0.0
  endloop
endfacet
facet normal 0.7071067811865447 -0.7071067811865503 0.0
  outer loop
    vertex 10.952753694858966 -11.663498038742633 0.0
    vertex 11.66349803874253 -10.952753694859075 3.9999999999999996
    vertex 10.952753694858966 -11.663498038742633 3.9999999999999996
  endloop
endfacet
facet normal 0.6613118653236487 -0.7501110696304625 0.0
  outer loop
    vertex 10.952753694858966 -11.663498038742633 3.9999999999999996
    vertex 10.198783835978983 -12.32821188441267 0.0
    vertex 10.952753694858966 -11.663498038742633 0.0
  endloop
endfacet
facet normal 0.6613118653236487 -0.7501110696304625 0.0
  outer loop
    vertex 10.198783835978983 -12.32821188441267 0.0
    vertex 10.952753694858966 -11.663498038742633 3.9999999999999996
    vertex 10.198783835978983 -12.32821188441267 3.9999999999999996
  endloop
endfacet
facet normal 0.6129070536529724 -0.7901550123756937 0.0
  outer loop
    vertex 10.198783835978983 -12.32821188441267 3.9999999999999996
    vertex 9.40456403667952 -12.944271909999193 0.0
    vertex 10.198783835978983 -12.32821188441267 0.0
  endloop
endfacet
facet normal 0.6129070536529724 -0.7901550123756937 0.0
  outer loop
    vertex 9.40456403667952 -12.944271909999193 0.0
    vertex 10.198783835978983 -12.32821188441267 3.9999999999999996
    vertex 9.40456403667952 -12.944271909999193 3.9999999999999996
  endloop
endfacet
facet normal 0.562083377852129 -0.827080574274563 0.0
  outer loop
    vertex 9.40456403667952 -12.944271909999193 3.9999999999999996
    vertex 8.573228719663899 -13.509246808032271 0.0
    vertex 9.40456403667952 -12.944271909999193 0.0
  endloop
endfacet
facet normal 0.562083377852129 -0.827080574274563 0.0
  outer loop
    vertex 8.573228719663899 -13.509246808032271 0.0
    vertex 9.40456403667952 -12.944271909999193 3.9999999999999996
    vertex 8.573228719663899 -13.509246808032271 3.9999999999999996
  endloop
endfacet
facet normal 0.5090414157503675 -0.8607420270039459 0.0
  outer loop
    vertex 8.573228719663899 -13.509246808032271 3.9999999999999996
    vertex 7.708058785627401 -14.02090688070184 0.0
    vertex 8.573228719663899 -13.509246808032271 0.0
  endloop
endfacet
facet normal 0.5090414157503675 -0.8607420270039459 0.0
  outer loop
    vertex 7.708058785627401 -14.02090688070184 0.0
    vertex 8.573228719663899 -13.509246808032271 3.9999999999999996
    vertex 7.708058785627401 -14.02090688070184 3.9999999999999996
  endloop
endfacet
facet normal 0.4539904997395446 -0.891006524188369 0.0
  outer loop
    vertex 7.708058785627401 -14.02090688070184 3.9999999999999996
    vertex 6.812468665041123 -14.47723283945633 0.0
    vertex 7.708058785627401 -14.02090688070184 0.0
  endloop
endfacet
facet normal 0.4539904997395446 -0.891006524188369 0.0
  outer loop
    vertex 6.812468665041123 -14.47723283945633 0.0
    vertex 7.708058785627401 -14.02090688070184 3.9999999999999996
    vertex 6.812468665041123 -14.47723283945633 3.9999999999999996
  endloop
endfacet
facet normal 0.39714789063477696 -0.9177546256839829 0.0
  outer loop
    vertex 6.812468665041123 -14.47723283945633 3.9999999999999996
    vertex 5.889992842954812 -14.876423774212034 0.0
    vertex 6.812468665041123 -14.47723283945633 0.0
  endloop
endfacet
facet normal 0.39714789063477696 -0.9177546256839829 0.0
  outer loop
    vertex 5.889992842954812 -14.876423774212034 0.0
    vertex 6.812468665041123 -14.47723283945633 3.9999999999999996
    vertex 5.889992842954812 -14.876423774212034 3.9999999999999996
  endloop
endfacet
facet normal 0.33873792024529015 -0.940880768954226 0.0
  outer loop
    vertex 5.889992842954812 -14.876423774212034 3.9999999999999996
    vertex 4.944271909999129 -15.216904260722465 0.0
    vertex 5.889992842954812 -14.876423774212034 0.0
  endloop
endfacet
facet normal 0.33873792024529015 -0.940880768954226 0.0
  outer loop
    vertex 4.944271909999129 -15.216904260722465 0.0
    vertex 5.889992842954812 -14.876423774212034 3.9999999999999996
    vertex 4.944271909999129 -15.216904260722465 3.9999999999999996
  endloop
endfacet
facet normal 0.278991106039228 -0.9602936856769434 0.0
  outer loop
    vertex 4.944271909999129 -15.216904260722465 3.9999999999999996
    vertex 3.9790381946376514 -15.497330578058103 0.0
    vertex 4.944271909999129 -15.216904260722465 0.0
  endloop
endfacet
facet normal 0.278991106039228 -0.9602936856769434 0.0
  outer loop
    vertex 3.9790381946376514 -15.497330578058103 0.0
    vertex 4.944271909999129 -15.216904260722465 3.9999999999999996
    vertex 3.9790381946376514 -15.497330578058103 3.9999999999999996
  endloop
endfacet
facet normal 0.21814324139654076 -0.975916761938748 0.0
  outer loop
    vertex 3.9790381946376514 -15.497330578058103 3.9999999999999996
    vertex 2.9981010333715736 -15.716596011659021 0.0
    vertex 3.9790381946376514 -15.497330578058103 0.0
  endloop
endfacet
facet normal 0.21814324139654076 -0.975916761938748 0.0
  outer loop
    vertex 2.9981010333715736 -15.716596011659021 0.0
    vertex 3.9790381946376514 -15.497330578058103 3.9999999999999996
    vertex 2.9981010333715736 -15.716596011659021 3.9999999999999996
  endloop
endfacet
facet normal 0.15643446504023192 -0.9876883405951375 0.0
  outer loop
    vertex 2.9981010333715736 -15.716596011659021 3.9999999999999996
    vertex 2.0053317370288535 -15.873835221031648 0.0
    vertex 2.9981010333715736 -15.716596011659021 0.0
  endloop
endfacet
facet normal 0.15643446504023192 -0.9876883405951375 0.0
  outer loop
    vertex 2.0053317370288535 -15.873835221031648 0.0
    vertex 2.9981010333715736 -15.716596011659021 3.9999999999999996
    vertex 2.0053317370288535 -15.873835221031648 3.9999999999999996
  endloop
endfacet
facet normal 0.09410831331851262 -0.9955619646030803 0.0
  outer loop
    vertex 2.0053317370288535 -15.873835221031648 3.9999999999999996
    vertex 1.0046483124690053 -15.968427654852345 0.0
    vertex 2.0053317370288535 -15.873835221031648 0.0
  endloop
endfacet
facet normal 0.09410831331851262 -0.9955619646030803 0.0
  outer loop
    vertex 1.0046483124690053 -15.968427654852345 0.0
    vertex 2.0053317370288535 -15.873835221031648 3.9999999999999996
    vertex 1.0046483124690053 -15.968427654852345 3.9999999999999996
  endloop
endfacet
facet normal 0.031410759078127154 -0.9995065603657316 0.0
  outer loop
    vertex 1.0046483124690053 -15.968427654852345 3.9999999999999996
    vertex -2.9391523179536475e-15 -15.999999999999998 0.0
    vertex 1.0046483124690053 -15.968427654852345 0.0
  endloop
endfacet
facet normal 0.031410759078127154 -0.9995065603657316 0.0
  outer loop
    vertex -2.9391523179536475e-15 -15.999999999999998 0.0
    vertex 1.0046483124690053 -15.968427654852345 3.9999999999999996
    vertex -2.9391523179536475e-15 -15.999999999999998 3.9999999999999996
  endloop
endfacet
facet normal -0.031410759078127154 -0.9995065603657316 -0.0
  outer loop
    vertex -2.9391523179536475e-15 -15.999999999999998 3.9999999999999996
    vertex -1.004648312469011 -15.968427654852345 0.0
    vertex -2.9391523179536475e-15 -15.999999999999998 0.0
  endloop
endfacet
facet normal -0.031410759078127154 -0.9995065603657316 -0.0
  outer loop
    vertex -1.004648312469011 -15.968427654852345 0.0
    vertex -2.9391523179536475e-15 -15.999999999999998 3.9999999999999996
    vertex -1.004648312469011 -15.968427654852345 3.9999999999999996
  endloop
endfacet
facet normal -0.09410831331851538 -0.99556196460308 -0.0
  outer loop
    vertex -1.004648312469011 -15.968427654852345 3.9999999999999996
    vertex -2.0053317370288593 -15.873835221031644 0.0
    vertex -1.004648312469011 -15.968427654852345 0.0
  endloop
endfacet
facet normal -0.09410831331851538 -0.99556196460308 -0.0
  outer loop
    vertex -2.0053317370288593 -15.873835221031644 0.0
    vertex -1.004648312469011 -15.968427654852345 3.9999999999999996
    vertex -2.0053317370288593 -15.873835221031644 3.9999999999999996
  endloop
endfacet
facet normal -0.15643446504022915 -0.9876883405951382 -0.0
  outer loop
    vertex -2.0053317370288593 -15.873835221031644 3.9999999999999996
    vertex -2.9981010333715803 -15.716596011659021 0.0
    vertex -2.0053317370288593 -15.873835221031644 0.0
  endloop
endfacet
facet normal -0.15643446504022915 -0.9876883405951382 -0.0
  outer loop
    vertex -2.9981010333715803 -15.716596011659021 0.0
    vertex -2.0053317370288593 -15.873835221031644 3.9999999999999996
    vertex -2.9981010333715803 -15.716596011659021 3.9999999999999996
  endloop
endfacet
facet normal -0.21814324139654354 -0.9759167619387472 -0.0
  outer loop
    vertex -2.9981010333715803 -15.716596011659021 3.9999999999999996
    vertex -3.979038194637657 -15.4973305780581 0.0
    vertex -2.9981010333715803 -15.716596011659021 0.0
  endloop
endfacet
facet normal -0.21814324139654354 -0.9759167619387472 -0.0
  outer loop
    vertex -3.979038194637657 -15.4973305780581 0.0
    vertex -2.9981010333715803 -15.716596011659021 3.9999999999999996
    vertex -3.979038194637657 -15.4973305780581 3.9999999999999996
  endloop
endfacet
facet normal -0.27899110603922544 -0.9602936856769442 -0.0
  outer loop
    vertex -3.979038194637657 -15.4973305780581 3.9999999999999996
    vertex -4.944271909999134 -15.216904260722465 0.0
    vertex -3.979038194637657 -15.4973305780581 0.0
  endloop
endfacet
facet normal -0.27899110603922544 -0.9602936856769442 -0.0
  outer loop
    vertex -4.944271909999134 -15.216904260722465 0.0
    vertex -3.979038194637657 -15.4973305780581 3.9999999999999996
    vertex -4.944271909999134 -15.216904260722465 3.9999999999999996
  endloop
endfacet
facet normal -0.33873792024529015 -0.940880768954226 -0.0
  outer loop
    vertex -4.944271909999134 -15.216904260722465 3.9999999999999996
    vertex -5.889992842954818 -14.876423774212034 0.0
    vertex -4.944271909999134 -15.216904260722465 0.0
  endloop
endfacet
facet normal -0.33873792024529015 -0.940880768954226 -0.0
  outer loop
    vertex -5.889992842954818 -14.876423774212034 0.0
    vertex -4.944271909999134 -15.216904260722465 3.9999999999999996
    vertex -5.889992842954818 -14.876423774212034 3.9999999999999996
  endloop
endfacet
facet normal -0.3971478906347793 -0.9177546256839818 -0.0
  outer loop
    vertex -5.889992842954818 -14.876423774212034 3.9999999999999996
    vertex -6.812468665041129 -14.477232839456327 0.0
    vertex -5.889992842954818 -14.876423774212034 0.0
  endloop
endfacet
facet normal -0.3971478906347793 -0.9177546256839818 -0.0
  outer loop
    vertex -6.812468665041129 -14.477232839456327 0.0
    vertex -5.889992842954818 -14.876423774212034 3.9999999999999996
    vertex -6.812468665041129 -14.477232839456327 3.9999999999999996
  endloop
endfacet
facet normal -0.45399049973954625 -0.8910065241883681 -0.0
  outer loop
    vertex -6.812468665041129 -14.477232839456327 3.9999999999999996
    vertex -7.708058785627408 -14.020906880701835 0.0
    vertex -6.812468665041129 -14.477232839456327 0.0
  endloop
endfacet
facet normal -0.45399049973954625 -0.8910065241883681 -0.0
  outer loop
    vertex -7.708058785627408 -14.020906880701835 0.0
    vertex -6.812468665041129 -14.477232839456327 3.9999999999999996
    vertex -7.708058785627408 -14.020906880701835 3.9999999999999996
  endloop
endfacet
facet normal -0.5090414157503681 -0.8607420270039455 -0.0
  outer loop
    vertex -7.708058785627408 -14.020906880701835 3.9999999999999996
    vertex -8.573228719663904 -13.509246808032264 0.0
    vertex -7.708058785627408 -14.020906880701835 0.0
  endloop
endfacet
facet normal -0.5090414157503681 -0.8607420270039455 -0.0
  outer loop
    vertex -8.573228719663904 -13.509246808032264 0.0
    vertex -7.708058785627408 -14.020906880701835 3.9999999999999996
    vertex -8.573228719663904 -13.509246808032264 3.9999999999999996
  endloop
endfacet
facet normal -0.5620833778521265 -0.8270805742745647 -0.0
  outer loop
    vertex -8.573228719663904 -13.509246808032264 3.9999999999999996
    vertex -9.404564036679528 -12.94427190999919 0.0
    vertex -8.573228719663904 -13.509246808032264 0.0
  endloop
endfacet
facet normal -0.5620833778521265 -0.8270805742745647 -0.0
  outer loop
    vertex -9.404564036679528 -12.94427190999919 0.0
    vertex -8.573228719663904 -13.509246808032264 3.9999999999999996
    vertex -9.404564036679528 -12.94427190999919 3.9999999999999996
  endloop
endfacet
facet normal -0.6129070536529748 -0.7901550123756917 -0.0
  outer loop
    vertex -9.404564036679528 -12.94427190999919 3.9999999999999996
    vertex -10.198783835978988 -12.328211884412665 0.0
    vertex -9.404564036679528 -12.94427190999919 0.0
  endloop
endfacet
facet normal -0.6129070536529748 -0.7901550123756917 -0.0
  outer loop
    vertex -10.198783835978988 -12.328211884412665 0.0
    vertex -9.404564036679528 -12.94427190999919 3.9999999999999996
    vertex -10.198783835978988 -12.328211884412665 3.9999999999999996
  endloop
endfacet
facet normal -0.6613118653236489 -0.7501110696304621 -0.0
  outer loop
    vertex -10.198783835978988 -12.328211884412665 3.9999999999999996
    vertex -10.952753694858975 -11.663498038742624 0.0
    vertex -10.198783835978988 -12.328211884412665 0.0
  endloop
endfacet
facet normal -0.6613118653236489 -0.7501110696304621 -0.0
  outer loop
    vertex -10.952753694858975 -11.663498038742624 0.0
    vertex -10.198783835978988 -12.328211884412665 3.9999999999999996
    vertex -10.952753694858975 -11.663498038742624 3.9999999999999996
  endloop
endfacet
facet normal -0.7071067811865447 -0.7071067811865503 -0.0
  outer loop
    vertex -10.952753694858975 -11.663498038742624 3.9999999999999996
    vertex -11.663498038742544 -10.95275369485906 0.0
    vertex -10.952753694858975 -11.663498038742624 0.0
  endloop
endfacet
facet normal -0.7071067811865447 -0.7071067811865503 -0.0
  outer loop
    vertex -11.663498038742544 -10.95275369485906 0.0
    vertex -10.952753694858975 -11.663498038742624 3.9999999999999996
    vertex -11.663498038742544 -10.95275369485906 3.9999999999999996
  endloop
endfacet
facet normal -0.7501110696304577 -0.6613118653236543 -0.0
  outer loop
    vertex -12.32821188441259 -10.198783835979077 3.9999999999999996
    vertex -11.663498038742544 -10.95275369485906 0.0
    vertex -11.663498038742544 -10.95275369485906 3.9999999999999996
  endloop
endfacet
facet normal -0.7501110696304577 -0.6613118653236543 -0.0
  outer loop
    vertex -11.663498038742544 -10.95275369485906 0.0
    vertex -12.32821188441259 -10.198783835979077 3.9999999999999996
    vertex -12.32821188441259 -10.198783835979077 0.0
  endloop
endfacet
facet normal -0.7901550123756882 -0.6129070536529794 -0.0
  outer loop
    vertex -12.944271909999125 -9.404564036679615 3.9999999999999996
    vertex -12.32821188441259 -10.198783835979077 0.0
    vertex -12.32821188441259 -10.198783835979077 3.9999999999999996
  endloop
endfacet
facet normal -0.7901550123756882 -0.6129070536529794 -0.0
  outer loop
    vertex -12.32821188441259 -10.198783835979077 0.0
    vertex -12.944271909999125 -9.404564036679615 3.9999999999999996
    vertex -12.944271909999125 -9.404564036679615 0.0
  endloop
endfacet
facet normal -0.82708057427456 -0.5620833778521335 -0.0
  outer loop
    vertex -13.509246808032211 -8.573228719663991 3.9999999999999996
    vertex -12.944271909999125 -9.404564036679615 0.0
    vertex -12.944271909999125 -9.404564036679615 3.9999999999999996
  endloop
endfacet
facet normal -0.82708057427456 -0.5620833778521335 -0.0
  outer loop
    vertex -12.944271909999125 -9.404564036679615 0.0
    vertex -13.509246808032211 -8.573228719663991 3.9999999999999996
    vertex -13.509246808032211 -8.573228719663991 0.0
  endloop
endfacet
facet normal -0.8607420270039418 -0.5090414157503746 -0.0
  outer loop
    vertex -14.020906880701792 -7.70805878562749 3.9999999999999996
    vertex -13.509246808032211 -8.573228719663991 0.0
    vertex -13.509246808032211 -8.573228719663991 3.9999999999999996
  endloop
endfacet
facet normal -0.8607420270039418 -0.5090414157503746 -0.0
  outer loop
    vertex -13.509246808032211 -8.573228719663991 0.0
    vertex -14.020906880701792 -7.70805878562749 3.9999999999999996
    vertex -14.020906880701792 -7.70805878562749 0.0
  endloop
endfacet
facet normal -0.8910065241883666 -0.4539904997395497 -0.0
  outer loop
    vertex -14.47723283945629 -6.812468665041208 3.9999999999999996
    vertex -14.020906880701792 -7.70805878562749 0.0
    vertex -14.020906880701792 -7.70805878562749 3.9999999999999996
  endloop
endfacet
facet normal -0.8910065241883666 -0.4539904997395497 -0.0
  outer loop
    vertex -14.020906880701792 -7.70805878562749 0.0
    vertex -14.47723283945629 -6.812468665041208 3.9999999999999996
    vertex -14.47723283945629 -6.812468665041208 0.0
  endloop
endfacet
facet normal -0.9177546256839806 -0.39714789063478223 -0.0
  outer loop
    vertex -14.876423774212002 -5.889992842954892 3.9999999999999996
    vertex -14.47723283945629 -6.812468665041208 0.0
    vertex -14.47723283945629 -6.812468665041208 3.9999999999999996
  endloop
endfacet
facet normal -0.9177546256839806 -0.39714789063478223 -0.0
  outer loop
    vertex -14.47723283945629 -6.812468665041208 0.0
    vertex -14.876423774212002 -5.889992842954892 3.9999999999999996
    vertex -14.876423774212002 -5.889992842954892 0.0
  endloop
endfacet
facet normal -0.9408807689542246 -0.33873792024529376 -0.0
  outer loop
    vertex -15.21690426072244 -4.944271909999204 3.9999999999999996
    vertex -14.876423774212002 -5.889992842954892 0.0
    vertex -14.876423774212002 -5.889992842954892 3.9999999999999996
  endloop
endfacet
facet normal -0.9408807689542246 -0.33873792024529376 -0.0
  outer loop
    vertex -14.876423774212002 -5.889992842954892 0.0
    vertex -15.21690426072244 -4.944271909999204 3.9999999999999996
    vertex -15.21690426072244 -4.944271909999204 0.0
  endloop
endfacet
facet normal -0.9602936856769416 -0.27899110603923427 -0.0
  outer loop
    vertex -15.497330578058087 -3.9790381946377216 3.9999999999999996
    vertex -15.21690426072244 -4.944271909999204 0.0
    vertex -15.21690426072244 -4.944271909999204 3.9999999999999996
  endloop
endfacet
facet normal -0.9602936856769416 -0.27899110603923427 -0.0
  outer loop
    vertex -15.21690426072244 -4.944271909999204 0.0
    vertex -15.497330578058087 -3.9790381946377216 3.9999999999999996
    vertex -15.497330578058087 -3.9790381946377216 0.0
  endloop
endfacet
facet normal -0.975916761938747 -0.21814324139654498 -0.0
  outer loop
    vertex -15.71659601165901 -2.998101033371638 3.9999999999999996
    vertex -15.497330578058087 -3.9790381946377216 0.0
    vertex -15.497330578058087 -3.9790381946377216 3.9999999999999996
  endloop
endfacet
facet normal -0.975916761938747 -0.21814324139654498 -0.0
  outer loop
    vertex -15.497330578058087 -3.9790381946377216 0.0
    vertex -15.71659601165901 -2.998101033371638 3.9999999999999996
    vertex -15.71659601165901 -2.998101033371638 0.0
  endloop
endfacet
facet normal -0.9876883405951373 -0.15643446504023364 -0.0
  outer loop
    vertex -15.873835221031639 -2.005331737028911 3.9999999999999996
    vertex -15.71659601165901 -2.998101033371638 0.0
    vertex -15.71659601165901 -2.998101033371638 3.9999999999999996
  endloop
endfacet
facet normal -0.9876883405951373 -0.15643446504023364 -0.0
  outer loop
    vertex -15.71659601165901 -2.998101033371638 0.0
    vertex -15.873835221031639 -2.005331737028911 3.9999999999999996
    vertex -15.873835221031639 -2.005331737028911 0.0
  endloop
endfacet
facet normal -0.9955619646030799 -0.0941083133185175 -0.0
  outer loop
    vertex -15.968427654852343 -1.0046483124690557 3.9999999999999996
    vertex -15.873835221031639 -2.005331737028911 0.0
    vertex -15.873835221031639 -2.005331737028911 3.9999999999999996
  endloop
endfacet
facet normal -0.9955619646030799 -0.0941083133185175 -0.0
  outer loop
    vertex -15.873835221031639 -2.005331737028911 0.0
    vertex -15.968427654852343 -1.0046483124690557 3.9999999999999996
    vertex -15.968427654852343 -1.0046483124690557 0.0
  endloop
endfacet
facet normal -0.9995065603657315 -0.03141075907812974 -0.0
  outer loop
    vertex -15.999999999999998 -4.067312926697024e-14 3.9999999999999996
    vertex -15.968427654852343 -1.0046483124690557 0.0
    vertex -15.968427654852343 -1.0046483124690557 3.9999999999999996
  endloop
endfacet
facet normal -0.9995065603657315 -0.03141075907812974 -0.0
  outer loop
    vertex -15.968427654852343 -1.0046483124690557 0.0
    vertex -15.999999999999998 -4.067312926697024e-14 3.9999999999999996
    vertex -15.999999999999998 -4.067312926697024e-14 0.0
  endloop
endfacet
facet normal -0.9995065603657316 0.031410759078126925 0.0
  outer loop
    vertex -15.968427654852345 1.004648312468975 3.9999999999999996
    vertex -15.999999999999998 -4.067312926697024e-14 0.0
    vertex -15.999999999999998 -4.067312926697024e-14 3.9999999999999996
  endloop
endfacet
facet normal -0.9995065603657316 0.031410759078126925 0.0
  outer loop
    vertex -15.999999999999998 -4.067312926697024e-14 0.0
    vertex -15.968427654852345 1.004648312468975 3.9999999999999996
    vertex -15.968427654852345 1.004648312468975 0.0
  endloop
endfacet
facet normal -0.9955619646030802 0.09410831331851198 0.0
  outer loop
    vertex -15.873835221031648 2.00533173702883 3.9999999999999996
    vertex -15.968427654852345 1.004648312468975 0.0
    vertex -15.968427654852345 1.004648312468975 3.9999999999999996
  endloop
endfacet
facet normal -0.9955619646030802 0.09410831331851198 0.0
  outer loop
    vertex -15.968427654852345 1.004648312468975 0.0
    vertex -15.873835221031648 2.00533173702883 3.9999999999999996
    vertex -15.873835221031648 2.00533173702883 0.0
  endloop
endfacet
facet normal -0.9876883405951388 0.15643446504022526 0.0
  outer loop
    vertex -15.716596011659027 2.998101033371558 3.9999999999999996
    vertex -15.873835221031648 2.00533173702883 0.0
    vertex -15.873835221031648 2.00533173702883 3.9999999999999996
  endloop
endfacet
facet normal -0.9876883405951388 0.15643446504022526 0.0
  outer loop
    vertex -15.873835221031648 2.00533173702883 0.0
    vertex -15.716596011659027 2.998101033371558 3.9999999999999996
    vertex -15.716596011659027 2.998101033371558 0.0
  endloop
endfacet
facet normal -0.9759167619387475 0.21814324139654198 0.0
  outer loop
    vertex -15.497330578058106 3.9790381946376425 3.9999999999999996
    vertex -15.716596011659027 2.998101033371558 0.0
    vertex -15.716596011659027 2.998101033371558 3.9999999999999996
  endloop
endfacet
facet normal -0.9759167619387475 0.21814324139654198 0.0
  outer loop
    vertex -15.716596011659027 2.998101033371558 0.0
    vertex -15.497330578058106 3.9790381946376425 3.9999999999999996
    vertex -15.497330578058106 3.9790381946376425 0.0
  endloop
endfacet
facet normal -0.9602936856769433 0.27899110603922894 0.0
  outer loop
    vertex -15.216904260722465 4.9442719099991255 3.9999999999999996
    vertex -15.497330578058106 3.9790381946376425 0.0
    vertex -15.497330578058106 3.9790381946376425 3.9999999999999996
  endloop
endfacet
facet normal -0.9602936856769433 0.27899110603922894 0.0
  outer loop
    vertex -15.497330578058106 3.9790381946376425 0.0
    vertex -15.216904260722465 4.9442719099991255 3.9999999999999996
    vertex -15.216904260722465 4.9442719099991255 0.0
  endloop
endfacet
facet normal -0.9408807689542269 0.338737920245288 0.0
  outer loop
    vertex -14.876423774212034 5.8899928429548165 3.9999999999999996
    vertex -15.216904260722465 4.9442719099991255 0.0
    vertex -15.216904260722465 4.9442719099991255 3.9999999999999996
  endloop
endfacet
facet normal -0.9408807689542269 0.338737920245288 0.0
  outer loop
    vertex -15.216904260722465 4.9442719099991255 0.0
    vertex -14.876423774212034 5.8899928429548165 3.9999999999999996
    vertex -14.876423774212034 5.8899928429548165 0.0
  endloop
endfacet
facet normal -0.9177546256839818 0.39714789063477907 0.0
  outer loop
    vertex -14.477232839456324 6.812468665041134 3.9999999999999996
    vertex -14.876423774212034 5.8899928429548165 0.0
    vertex -14.876423774212034 5.8899928429548165 3.9999999999999996
  endloop
endfacet
facet normal -0.9177546256839818 0.39714789063477907 0.0
  outer loop
    vertex -14.876423774212034 5.8899928429548165 0.0
    vertex -14.477232839456324 6.812468665041134 3.9999999999999996
    vertex -14.477232839456324 6.812468665041134 0.0
  endloop
endfacet
facet normal -0.891006524188369 0.4539904997395446 0.0
  outer loop
    vertex -14.020906880701832 7.708058785627418 3.9999999999999996
    vertex -14.477232839456324 6.812468665041134 0.0
    vertex -14.477232839456324 6.812468665041134 3.9999999999999996
  endloop
endfacet
facet normal -0.891006524188369 0.4539904997395446 0.0
  outer loop
    vertex -14.477232839456324 6.812468665041134 0.0
    vertex -14.020906880701832 7.708058785627418 3.9999999999999996
    vertex -14.020906880701832 7.708058785627418 0.0
  endloop
endfacet
facet normal -0.8607420270039439 0.5090414157503713 0.0
  outer loop
    vertex -13.509246808032254 8.573228719663922 3.9999999999999996
    vertex -14.020906880701832 7.708058785627418 0.0
    vertex -14.020906880701832 7.708058785627418 3.9999999999999996
  endloop
endfacet
facet normal -0.8607420270039439 0.5090414157503713 0.0
  outer loop
    vertex -14.020906880701832 7.708058785627418 0.0
    vertex -13.509246808032254 8.573228719663922 3.9999999999999996
    vertex -13.509246808032254 8.573228719663922 0.0
  endloop
endfacet
facet normal -0.8270805742745636 0.5620833778521284 0.0
  outer loop
    vertex -12.944271909999173 9.404564036679549 3.9999999999999996
    vertex -13.509246808032254 8.573228719663922 0.0
    vertex -13.509246808032254 8.573228719663922 3.9999999999999996
  endloop
endfacet
facet normal -0.8270805742745636 0.5620833778521284 0.0
  outer loop
    vertex -13.509246808032254 8.573228719663922 0.0
    vertex -12.944271909999173 9.404564036679549 3.9999999999999996
    vertex -12.944271909999173 9.404564036679549 0.0
  endloop
endfacet
facet normal -0.7901550123756917 0.6129070536529747 0.0
  outer loop
    vertex -12.328211884412644 10.198783835979015 3.9999999999999996
    vertex -12.944271909999173 9.404564036679549 0.0
    vertex -12.944271909999173 9.404564036679549 3.9999999999999996
  endloop
endfacet
facet normal -0.7901550123756917 0.6129070536529747 0.0
  outer loop
    vertex -12.944271909999173 9.404564036679549 0.0
    vertex -12.328211884412644 10.198783835979015 3.9999999999999996
    vertex -12.328211884412644 10.198783835979015 0.0
  endloop
endfacet
facet normal -0.7501110696304601 0.6613118653236513 0.0
  outer loop
    vertex -11.663498038742599 10.952753694859002 3.9999999999999996
    vertex -12.328211884412644 10.198783835979015 0.0
    vertex -12.328211884412644 10.198783835979015 3.9999999999999996
  endloop
endfacet
facet normal -0.7501110696304601 0.6613118653236513 0.0
  outer loop
    vertex -12.328211884412644 10.198783835979015 0.0
    vertex -11.663498038742599 10.952753694859002 3.9999999999999996
    vertex -11.663498038742599 10.952753694859002 0.0
  endloop
endfacet
facet normal -0.7071067811865482 0.7071067811865468 0.0
  outer loop
    vertex -10.952753694859034 11.663498038742569 3.9999999999999996
    vertex -11.663498038742599 10.952753694859002 0.0
    vertex -11.663498038742599 10.952753694859002 3.9999999999999996
  endloop
endfacet
facet normal -0.7071067811865482 0.7071067811865468 0.0
  outer loop
    vertex -11.663498038742599 10.952753694859002 0.0
    vertex -10.952753694859034 11.663498038742569 3.9999999999999996
    vertex -10.952753694859034 11.663498038742569 0.0
  endloop
endfacet
facet normal -0.6613118653236527 0.7501110696304589 0.0
  outer loop
    vertex -10.952753694859034 11.663498038742569 3.9999999999999996
    vertex -10.19878383597905 12.328211884412612 0.0
    vertex -10.952753694859034 11.663498038742569 0.0
  endloop
endfacet
facet normal -0.6613118653236527 0.7501110696304589 0.0
  outer loop
    vertex -10.19878383597905 12.328211884412612 0.0
    vertex -10.952753694859034 11.663498038742569 3.9999999999999996
    vertex -10.19878383597905 12.328211884412612 3.9999999999999996
  endloop
endfacet
facet normal -0.6129070536529789 0.7901550123756885 0.0
  outer loop
    vertex -10.19878383597905 12.328211884412612 3.9999999999999996
    vertex -9.404564036679584 12.944271909999149 0.0
    vertex -10.19878383597905 12.328211884412612 0.0
  endloop
endfacet
facet normal -0.6129070536529789 0.7901550123756885 0.0
  outer loop
    vertex -9.404564036679584 12.944271909999149 0.0
    vertex -10.19878383597905 12.328211884412612 3.9999999999999996
    vertex -9.404564036679584 12.944271909999149 3.9999999999999996
  endloop
endfacet
facet normal -0.5620833778521309 0.8270805742745617 0.0
  outer loop
    vertex -9.404564036679584 12.944271909999149 3.9999999999999996
    vertex -8.573228719663959 13.50924680803223 0.0
    vertex -9.404564036679584 12.944271909999149 0.0
  endloop
endfacet
facet normal -0.5620833778521309 0.8270805742745617 0.0
  outer loop
    vertex -8.573228719663959 13.50924680803223 0.0
    vertex -9.404564036679584 12.944271909999149 3.9999999999999996
    vertex -8.573228719663959 13.50924680803223 3.9999999999999996
  endloop
endfacet
facet normal -0.5090414157503725 0.860742027003943 0.0
  outer loop
    vertex -8.573228719663959 13.50924680803223 3.9999999999999996
    vertex -7.7080587856274585 14.020906880701808 0.0
    vertex -8.573228719663959 13.50924680803223 0.0
  endloop
endfacet
facet normal -0.5090414157503725 0.860742027003943 0.0
  outer loop
    vertex -7.7080587856274585 14.020906880701808 0.0
    vertex -8.573228719663959 13.50924680803223 3.9999999999999996
    vertex -7.7080587856274585 14.020906880701808 3.9999999999999996
  endloop
endfacet
facet normal -0.45399049973954736 0.8910065241883676 0.0
  outer loop
    vertex -7.7080587856274585 14.020906880701808 3.9999999999999996
    vertex -6.812468665041177 14.477232839456304 0.0
    vertex -7.7080587856274585 14.020906880701808 0.0
  endloop
endfacet
facet normal -0.45399049973954736 0.8910065241883676 0.0
  outer loop
    vertex -6.812468665041177 14.477232839456304 0.0
    vertex -7.7080587856274585 14.020906880701808 3.9999999999999996
    vertex -6.812468665041177 14.477232839456304 3.9999999999999996
  endloop
endfacet
facet normal -0.3971478906347809 0.9177546256839811 0.0
  outer loop
    vertex -6.812468665041177 14.477232839456304 3.9999999999999996
    vertex -5.889992842954864 14.876423774212014 0.0
    vertex -6.812468665041177 14.477232839456304 0.0
  endloop
endfacet
facet normal -0.3971478906347809 0.9177546256839811 0.0
  outer loop
    vertex -5.889992842954864 14.876423774212014 0.0
    vertex -6.812468665041177 14.477232839456304 3.9999999999999996
    vertex -5.889992842954864 14.876423774212014 3.9999999999999996
  endloop
endfacet
facet normal -0.33873792024529314 0.940880768954225 0.0
  outer loop
    vertex -5.889992842954864 14.876423774212014 3.9999999999999996
    vertex -4.944271909999173 15.216904260722451 0.0
    vertex -5.889992842954864 14.876423774212014 0.0
  endloop
endfacet
facet normal -0.33873792024529314 0.940880768954225 0.0
  outer loop
    vertex -4.944271909999173 15.216904260722451 0.0
    vertex -5.889992842954864 14.876423774212014 3.9999999999999996
    vertex -4.944271909999173 15.216904260722451 3.9999999999999996
  endloop
endfacet
facet normal -0.27899110603922916 0.9602936856769433 0.0
  outer loop
    vertex -4.944271909999173 15.216904260722451 3.9999999999999996
    vertex -3.979038194637691 15.497330578058092 0.0
    vertex -4.944271909999173 15.216904260722451 0.0
  endloop
endfacet
facet normal -0.27899110603922916 0.9602936856769433 0.0
  outer loop
    vertex -3.979038194637691 15.497330578058092 0.0
    vertex -4.944271909999173 15.216904260722451 3.9999999999999996
    vertex -3.979038194637691 15.497330578058092 3.9999999999999996
  endloop
endfacet
facet normal -0.21814324139654487 0.9759167619387469 0.0
  outer loop
    vertex -3.979038194637691 15.497330578058092 3.9999999999999996
    vertex -2.9981010333716074 15.716596011659016 0.0
    vertex -3.979038194637691 15.497330578058092 0.0
  endloop
endfacet
facet normal -0.21814324139654487 0.9759167619387469 0.0
  outer loop
    vertex -2.9981010333716074 15.716596011659016 0.0
    vertex -3.979038194637691 15.497330578058092 3.9999999999999996
    vertex -2.9981010333716074 15.716596011659016 3.9999999999999996
  endloop
endfacet
facet normal -0.1564344650402309 0.9876883405951378 0.0
  outer loop
    vertex -2.9981010333716074 15.716596011659016 3.9999999999999996
    vertex -2.0053317370288806 15.873835221031642 0.0
    vertex -2.9981010333716074 15.716596011659016 0.0
  endloop
endfacet
facet normal -0.1564344650402309 0.9876883405951378 0.0
  outer loop
    vertex -2.0053317370288806 15.873835221031642 0.0
    vertex -2.9981010333716074 15.716596011659016 3.9999999999999996
    vertex -2.0053317370288806 15.873835221031642 3.9999999999999996
  endloop
endfacet
facet normal -0.09410831331851748 0.9955619646030798 0.0
  outer loop
    vertex -2.0053317370288806 15.873835221031642 3.9999999999999996
    vertex -1.0046483124690249 15.968427654852345 0.0
    vertex -2.0053317370288806 15.873835221031642 0.0
  endloop
endfacet
facet normal -0.09410831331851748 0.9955619646030798 0.0
  outer loop
    vertex -1.0046483124690249 15.968427654852345 0.0
    vertex -2.0053317370288806 15.873835221031642 3.9999999999999996
    vertex -1.0046483124690249 15.968427654852345 3.9999999999999996
  endloop
endfacet
facet normal -0.03141075907812693 0.9995065603657316 0.0
  outer loop
    vertex -1.0046483124690249 15.968427654852345 3.9999999999999996
    vertex -9.678423597083618e-15 15.999999999999998 0.0
    vertex -1.0046483124690249 15.968427654852345 0.0
  endloop
endfacet
facet normal -0.03141075907812693 0.9995065603657316 0.0
  outer loop
    vertex -9.678423597083618e-15 15.999999999999998 0.0
    vertex -1.0046483124690249 15.968427654852345 3.9999999999999996
    vertex -9.678423597083618e-15 15.999999999999998 3.9999999999999996
  endloop
endfacet
facet normal 0.031410759078126946 0.9995065603657317 0.0
  outer loop
    vertex -9.678423597083618e-15 15.999999999999998 3.9999999999999996
    vertex 1.0046483124690053 15.968427654852345 0.0
    vertex -9.678423597083618e-15 15.999999999999998 0.0
  endloop
endfacet
facet normal 0.031410759078126946 0.9995065603657317 0.0
  outer loop
    vertex 1.0046483124690053 15.968427654852345 0.0
    vertex -9.678423597083618e-15 15.999999999999998 3.9999999999999996
    vertex 1.0046483124690053 15.968427654852345 3.9999999999999996
  endloop
endfacet
facet normal 0.09410831331851471 0.99556196460308 0.0
  outer loop
    vertex 1.0046483124690053 15.968427654852345 3.9999999999999996
    vertex 2.005331737028861 15.873835221031644 0.0
    vertex 1.0046483124690053 15.968427654852345 0.0
  endloop
endfacet
facet normal 0.09410831331851471 0.99556196460308 0.0
  outer loop
    vertex 2.005331737028861 15.873835221031644 0.0
    vertex 1.0046483124690053 15.968427654852345 3.9999999999999996
    vertex 2.005331737028861 15.873835221031644 3.9999999999999996
  endloop
endfacet
facet normal 0.15643446504023079 0.9876883405951378 0.0
  outer loop
    vertex 2.005331737028861 15.873835221031644 3.9999999999999996
    vertex 2.9981010333715887 15.716596011659018 0.0
    vertex 2.005331737028861 15.873835221031644 0.0
  endloop
endfacet
facet normal 0.15643446504023079 0.9876883405951378 0.0
  outer loop
    vertex 2.9981010333715887 15.716596011659018 0.0
    vertex 2.005331737028861 15.873835221031644 3.9999999999999996
    vertex 2.9981010333715887 15.716596011659018 3.9999999999999996
  endloop
endfacet
facet normal 0.21814324139654206 0.9759167619387475 0.0
  outer loop
    vertex 2.9981010333715887 15.716596011659018 3.9999999999999996
    vertex 3.9790381946376727 15.497330578058097 0.0
    vertex 2.9981010333715887 15.716596011659018 0.0
  endloop
endfacet
facet normal 0.21814324139654206 0.9759167619387475 0.0
  outer loop
    vertex 3.9790381946376727 15.497330578058097 0.0
    vertex 2.9981010333715887 15.716596011659018 3.9999999999999996
    vertex 3.9790381946376727 15.497330578058097 3.9999999999999996
  endloop
endfacet
facet normal 0.27899110603922916 0.9602936856769433 0.0
  outer loop
    vertex 3.9790381946376727 15.497330578058097 3.9999999999999996
    vertex 4.944271909999156 15.216904260722456 0.0
    vertex 3.9790381946376727 15.497330578058097 0.0
  endloop
endfacet
facet normal 0.27899110603922916 0.9602936856769433 0.0
  outer loop
    vertex 4.944271909999156 15.216904260722456 0.0
    vertex 3.9790381946376727 15.497330578058097 3.9999999999999996
    vertex 4.944271909999156 15.216904260722456 3.9999999999999996
  endloop
endfacet
facet normal 0.3387379202452907 0.9408807689542259 0.0
  outer loop
    vertex 4.944271909999156 15.216904260722456 3.9999999999999996
    vertex 5.889992842954846 14.876423774212022 0.0
    vertex 4.944271909999156 15.216904260722456 0.0
  endloop
endfacet
facet normal 0.3387379202452907 0.9408807689542259 0.0
  outer loop
    vertex 5.889992842954846 14.876423774212022 0.0
    vertex 4.944271909999156 15.216904260722456 3.9999999999999996
    vertex 5.889992842954846 14.876423774212022 3.9999999999999996
  endloop
endfacet
facet normal 0.39714789063477934 0.9177546256839818 0.0
  outer loop
    vertex 5.889992842954846 14.876423774212022 3.9999999999999996
    vertex 6.8124686650411626 14.477232839456313 0.0
    vertex 5.889992842954846 14.876423774212022 0.0
  endloop
endfacet
facet normal 0.39714789063477934 0.9177546256839818 0.0
  outer loop
    vertex 6.8124686650411626 14.477232839456313 0.0
    vertex 5.889992842954846 14.876423774212022 3.9999999999999996
    vertex 6.8124686650411626 14.477232839456313 3.9999999999999996
  endloop
endfacet
facet normal 0.4539904997395491 0.8910065241883669 0.0
  outer loop
    vertex 6.8124686650411626 14.477232839456313 3.9999999999999996
    vertex 7.708058785627445 14.020906880701816 0.0
    vertex 6.8124686650411626 14.477232839456313 0.0
  endloop
endfacet
facet normal 0.4539904997395491 0.8910065241883669 0.0
  outer loop
    vertex 7.708058785627445 14.020906880701816 0.0
    vertex 6.8124686650411626 14.477232839456313 3.9999999999999996
    vertex 7.708058785627445 14.020906880701816 3.9999999999999996
  endloop
endfacet
facet normal 0.5090414157503704 0.8607420270039442 0.0
  outer loop
    vertex 7.708058785627445 14.020906880701816 3.9999999999999996
    vertex 8.573228719663947 13.50924680803224 0.0
    vertex 7.708058785627445 14.020906880701816 0.0
  endloop
endfacet
facet normal 0.5090414157503704 0.8607420270039442 0.0
  outer loop
    vertex 8.573228719663947 13.50924680803224 0.0
    vertex 7.708058785627445 14.020906880701816 3.9999999999999996
    vertex 8.573228719663947 13.50924680803224 3.9999999999999996
  endloop
endfacet
facet normal 0.5620833778521321 0.8270805742745608 0.0
  outer loop
    vertex 8.573228719663947 13.50924680803224 3.9999999999999996
    vertex 9.404564036679574 12.944271909999154 0.0
    vertex 8.573228719663947 13.50924680803224 0.0
  endloop
endfacet
facet normal 0.5620833778521321 0.8270805742745608 0.0
  outer loop
    vertex 9.404564036679574 12.944271909999154 0.0
    vertex 8.573228719663947 13.50924680803224 3.9999999999999996
    vertex 9.404564036679574 12.944271909999154 3.9999999999999996
  endloop
endfacet
facet normal 0.6129070536529754 0.7901550123756913 0.0
  outer loop
    vertex 9.404564036679574 12.944271909999154 3.9999999999999996
    vertex 10.19878383597904 12.328211884412624 0.0
    vertex 9.404564036679574 12.944271909999154 0.0
  endloop
endfacet
facet normal 0.6129070536529754 0.7901550123756913 0.0
  outer loop
    vertex 10.19878383597904 12.328211884412624 0.0
    vertex 9.404564036679574 12.944271909999154 3.9999999999999996
    vertex 10.19878383597904 12.328211884412624 3.9999999999999996
  endloop
endfacet
facet normal 0.6613118653236534 0.7501110696304584 0.0
  outer loop
    vertex 10.19878383597904 12.328211884412624 3.9999999999999996
    vertex 10.952753694859021 11.66349803874258 0.0
    vertex 10.19878383597904 12.328211884412624 0.0
  endloop
endfacet
facet normal 0.6613118653236534 0.7501110696304584 0.0
  outer loop
    vertex 10.952753694859021 11.66349803874258 0.0
    vertex 10.19878383597904 12.328211884412624 3.9999999999999996
    vertex 10.952753694859021 11.66349803874258 3.9999999999999996
  endloop
endfacet
facet normal 0.7071067811865476 0.7071067811865476 0.0
  outer loop
    vertex 10.952753694859021 11.66349803874258 0.0
    vertex 11.663498038742585 10.952753694859014 3.9999999999999996
    vertex 11.663498038742585 10.952753694859014 0.0
  endloop
endfacet
facet normal 0.7071067811865476 0.7071067811865476 0.0
  outer loop
    vertex 11.663498038742585 10.952753694859014 3.9999999999999996
    vertex 10.952753694859021 11.66349803874258 0.0
    vertex 10.952753694859021 11.66349803874258 3.9999999999999996
  endloop
endfacet
facet normal 0.7501110696304584 0.6613118653236534 0.0
  outer loop
    vertex 11.663498038742585 10.952753694859014 0.0
    vertex 12.32821188441263 10.198783835979034 3.9999999999999996
    vertex 12.32821188441263 10.198783835979034 0.0
  endloop
endfacet
facet normal 0.7501110696304584 0.6613118653236534 0.0
  outer loop
    vertex 12.32821188441263 10.198783835979034 3.9999999999999996
    vertex 11.663498038742585 10.952753694859014 0.0
    vertex 11.663498038742585 10.952753694859014 3.9999999999999996
  endloop
endfacet
facet normal 0.7901550123756913 0.6129070536529754 0.0
  outer loop
    vertex 12.32821188441263 10.198783835979034 0.0
    vertex 12.94427190999916 9.404564036679568 3.9999999999999996
    vertex 12.94427190999916 9.404564036679568 0.0
  endloop
endfacet
facet normal 0.7901550123756913 0.6129070536529754 0.0
  outer loop
    vertex 12.94427190999916 9.404564036679568 3.9999999999999996
    vertex 12.32821188441263 10.198783835979034 0.0
    vertex 12.32821188441263 10.198783835979034 3.9999999999999996
  endloop
endfacet
facet normal 0.8270805742745614 0.5620833778521316 0.0
  outer loop
    vertex 12.94427190999916 9.404564036679568 0.0
    vertex 13.509246808032243 8.573228719663945 3.9999999999999996
    vertex 13.509246808032243 8.573228719663945 0.0
  endloop
endfacet
facet normal 0.8270805742745614 0.5620833778521316 0.0
  outer loop
    vertex 13.509246808032243 8.573228719663945 3.9999999999999996
    vertex 12.94427190999916 9.404564036679568 0.0
    vertex 12.94427190999916 9.404564036679568 3.9999999999999996
  endloop
endfacet
facet normal 0.8607420270039442 0.5090414157503704 0.0
  outer loop
    vertex 13.509246808032243 8.573228719663945 0.0
    vertex 14.020906880701817 7.7080587856274425 3.9999999999999996
    vertex 14.020906880701817 7.7080587856274425 0.0
  endloop
endfacet
facet normal 0.8607420270039442 0.5090414157503704 0.0
  outer loop
    vertex 14.020906880701817 7.7080587856274425 3.9999999999999996
    vertex 13.509246808032243 8.573228719663945 0.0
    vertex 13.509246808032243 8.573228719663945 3.9999999999999996
  endloop
endfacet
facet normal 0.8910065241883676 0.45399049973954736 0.0
  outer loop
    vertex 14.020906880701817 7.7080587856274425 0.0
    vertex 14.477232839456313 6.812468665041161 3.9999999999999996
    vertex 14.477232839456313 6.812468665041161 0.0
  endloop
endfacet
facet normal 0.8910065241883676 0.45399049973954736 0.0
  outer loop
    vertex 14.477232839456313 6.812468665041161 3.9999999999999996
    vertex 14.020906880701817 7.7080587856274425 0.0
    vertex 14.020906880701817 7.7080587856274425 3.9999999999999996
  endloop
endfacet
facet normal 0.9177546256839815 0.3971478906347801 0.0
  outer loop
    vertex 14.477232839456313 6.812468665041161 0.0
    vertex 14.876423774212022 5.889992842954847 3.9999999999999996
    vertex 14.876423774212022 5.889992842954847 0.0
  endloop
endfacet
facet normal 0.9177546256839815 0.3971478906347801 0.0
  outer loop
    vertex 14.876423774212022 5.889992842954847 3.9999999999999996
    vertex 14.477232839456313 6.812468665041161 0.0
    vertex 14.477232839456313 6.812468665041161 3.9999999999999996
  endloop
endfacet
facet normal 0.9408807689542265 0.3387379202452888 0.0
  outer loop
    vertex 14.876423774212022 5.889992842954847 0.0
    vertex 15.216904260722455 4.944271909999158 3.9999999999999996
    vertex 15.216904260722455 4.944271909999158 0.0
  endloop
endfacet
facet normal 0.9408807689542265 0.3387379202452888 0.0
  outer loop
    vertex 15.216904260722455 4.944271909999158 3.9999999999999996
    vertex 14.876423774212022 5.889992842954847 0.0
    vertex 14.876423774212022 5.889992842954847 3.9999999999999996
  endloop
endfacet
facet normal 0.9602936856769431 0.2789911060392293 0.0
  outer loop
    vertex 15.216904260722455 4.944271909999158 0.0
    vertex 15.497330578058095 3.9790381946376763 3.9999999999999996
    vertex 15.497330578058095 3.9790381946376763 0.0
  endloop
endfacet
facet normal 0.9602936856769431 0.2789911060392293 0.0
  outer loop
    vertex 15.497330578058095 3.9790381946376763 3.9999999999999996
    vertex 15.216904260722455 4.944271909999158 0.0
    vertex 15.216904260722455 4.944271909999158 3.9999999999999996
  endloop
endfacet
facet normal 0.975916761938747 0.21814324139654515 0.0
  outer loop
    vertex 15.497330578058095 3.9790381946376763 0.0
    vertex 15.716596011659018 2.9981010333715936 3.9999999999999996
    vertex 15.716596011659018 2.9981010333715936 0.0
  endloop
endfacet
facet normal 0.975916761938747 0.21814324139654515 0.0
  outer loop
    vertex 15.716596011659018 2.9981010333715936 3.9999999999999996
    vertex 15.497330578058095 3.9790381946376763 0.0
    vertex 15.497330578058095 3.9790381946376763 3.9999999999999996
  endloop
endfacet
facet normal 0.9876883405951379 0.1564344650402311 0.0
  outer loop
    vertex 15.716596011659018 2.9981010333715936 0.0
    vertex 15.873835221031644 2.0053317370288677 3.9999999999999996
    vertex 15.873835221031644 2.0053317370288677 0.0
  endloop
endfacet
facet normal 0.9876883405951379 0.1564344650402311 0.0
  outer loop
    vertex 15.873835221031644 2.0053317370288677 3.9999999999999996
    vertex 15.716596011659018 2.9981010333715936 0.0
    vertex 15.716596011659018 2.9981010333715936 3.9999999999999996
  endloop
endfacet
facet normal 0.99556196460308 0.09410831331851485 0.0
  outer loop
    vertex 15.873835221031644 2.0053317370288677 0.0
    vertex 15.968427654852345 1.0046483124690138 3.9999999999999996
    vertex 15.968427654852345 1.0046483124690138 0.0
  endloop
endfacet
facet normal 0.99556196460308 0.09410831331851485 0.0
  outer loop
    vertex 15.968427654852345 1.0046483124690138 3.9999999999999996
    vertex 15.873835221031644 2.0053317370288677 0.0
    vertex 15.873835221031644 2.0053317370288677 3.9999999999999996
  endloop
endfacet
facet normal 0.9995065603657316 0.031410759078126974 0.0
  outer loop
    vertex 15.968427654852345 1.0046483124690138 0.0
    vertex 15.999999999999998 0.0 3.9999999999999996
    vertex 15.999999999999998 0.0 0.0
  endloop
endfacet
facet normal 0.9995065603657316 0.031410759078126974 0.0
  outer loop
    vertex 15.999999999999998 0.0 3.9999999999999996
    vertex 15.968427654852345 1.0046483124690138 0.0
    vertex 15.968427654852345 1.0046483124690138 3.9999999999999996
  endloop
endfacet
facet normal 0.0 0.0 1.0
  outer loop
    vertex -2.9389262614623677 -4.045084971874736 11.0
    vertex -2.18756742979391 -0.34647664304009207 11.0
    vertex -2.2027026310887 0.2315133755582714 11.0
  endloop
endfacet
facet normal 0.0 0.0 1.0
  outer loop
    vertex -2.18756742979391 -0.34647664304009207 11.0
    vertex -2.9389262614623677 -4.045084971874736 11.0
    vertex -1.7918397477265031 -4.667902132486009 11.0
  endloop
endfacet
facet normal 0.0 0.0 1.0
  outer loop
    vertex -2.18756742979391 -0.34647664304009207 11.0
    vertex -1.7918397477265031 -4.667902132486009 11.0
    vertex -2.023353123284772 -0.9008548509949994 11.0
  endloop
endfacet
facet normal 0.0 0.0 1.0
  outer loop
    vertex -2.023353123284772 -0.9008548509949994 11.0
    vertex -1.7918397477265031 -4.667902132486009 11.0
    vertex -1.721250645172911 -1.3938412895876273 11.0
  endloop
endfacet
facet normal 0.0 0.0 1.0
  outer loop
    vertex -1.721250645172911 -1.3938412895876273 11.0
    vertex -1.7918397477265031 -4.667902132486009 11.0
    vertex -0.5226423163382681 -4.972609476841367 11.0
  endloop
endfacet
facet normal 0.0 0.0 1.0
  outer loop
    vertex -1.721250645172911 -1.3938412895876273 11.0
    vertex -0.5226423163382681 -4.972609476841367 11.0
    vertex -1.3018477800937005 -1.7918397477265002 11.0
  endloop
endfacet
facet normal 0.0 0.0 1.0
  outer loop
    vertex -1.3018477800937005 -1.7918397477265002 11.0
    vertex -0.5226423163382681 -4.972609476841367 11.0
    vertex -0.7937261402062821 -2.0677272882130033 11.0
  endloop
endfacet
facet normal 0.0 0.0 1.0
  outer loop
    vertex -0.7937261402062821 -2.0677272882130033 11.0
    vertex -0.5226423163382681 -4.972609476841367 11.0
    vertex -0.23151337555827176 -2.2027026310886995 11.0
  endloop
endfacet
facet normal 0.0 0.0 1.0
  outer loop
    vertex -0.23151337555827176 -2.2027026310886995 11.0
    vertex -0.5226423163382681 -4.972609476841367 11.0
    vertex 0.7821723252011524 -4.938441702975689 11.0
  endloop
endfacet
facet normal 0.0 0.0 1.0
  outer loop
    vertex -0.23151337555827176 -2.2027026310886995 11.0
    vertex 0.7821723252011524 -4.938441702975689 11.0
    vertex 0.34647664304009207 -2.18756742979391 11.0
  endloop
endfacet
facet normal 0.0 0.0 1.0
  outer loop
    vertex 0.34647664304009207 -2.18756742979391 11.0
    vertex 0.7821723252011524 -4.938441702975689 11.0
    vertex 0.9008548509949987 -2.0233531232847723 11.0
  endloop
endfacet
facet normal 0.0 0.0 1.0
  outer loop
    vertex 0.9008548509949987 -2.0233531232847723 11.0
    vertex 0.7821723252011524 -4.938441702975689 11.0
    vertex 2.033683215379 -4.567727288213006 11.0
  endloop
endfacet
facet normal 0.0 0.0 1.0
  outer loop
    vertex 0.9008548509949987 -2.0233531232847723 11.0
    vertex 2.033683215379 -4.567727288213006 11.0
    vertex 1.393841289587627 -1.7212506451729115 11.0
  endloop
endfacet
facet normal 0.0 0.0 1.0
  outer loop
    vertex 1.393841289587627 -1.7212506451729115 11.0
    vertex 2.033683215379 -4.567727288213006 11.0
    vertex 1.7918397477265002 -1.3018477800937007 11.0
  endloop
endfacet
facet normal 0.0 0.0 1.0
  outer loop
    vertex 1.7918397477265002 -1.3018477800937007 11.0
    vertex 2.033683215379 -4.567727288213006 11.0
    vertex 2.067727288213004 -0.793726140206281 11.0
  endloop
endfacet
facet normal 0.0 0.0 1.0
  outer loop
    vertex 2.067727288213004 -0.793726140206281 11.0
    vertex 2.033683215379 -4.567727288213006 11.0
    vertex 3.146601955249186 -3.8857298072848554 11.0
  endloop
endfacet
facet normal 0.0 0.0 1.0
  outer loop
    vertex 2.067727288213004 -0.793726140206281 11.0
    vertex 3.146601955249186 -3.8857298072848554 11.0
    vertex 2.2027026310886995 -0.23151337555827087 11.0
  endloop
endfacet
facet normal 0.0 0.0 1.0
  outer loop
    vertex 2.2027026310886995 -0.23151337555827087 11.0
    vertex 3.146601955249186 -3.8857298072848554 11.0
    vertex 2.9389262614623677 4.0450849718747355 11.0
  endloop
endfacet
facet normal 0.0 0.0 1.0
  outer loop
    vertex 2.9389262614623677 4.0450849718747355 11.0
    vertex 3.146601955249186 -3.8857298072848554 11.0
    vertex 3.8857298072848563 3.1466019552491855 11.0
  endloop
endfacet
facet normal 0.0 0.0 1.0
  outer loop
    vertex 3.8857298072848563 3.1466019552491855 11.0
    vertex 3.146601955249186 -3.8857298072848554 11.0
    vertex 4.0450849718747355 -2.9389262614623677 11.0
  endloop
endfacet
facet normal 0.0 0.0 1.0
  outer loop
    vertex 3.8857298072848563 3.1466019552491855 11.0
    vertex 4.0450849718747355 -2.9389262614623677 11.0
    vertex 4.567727288213006 2.0336832153789994 11.0
  endloop
endfacet
facet normal 0.0 0.0 1.0
  outer loop
    vertex 4.567727288213006 2.0336832153789994 11.0
    vertex 4.0450849718747355 -2.9389262614623677 11.0
    vertex 4.667902132486009 -1.7918397477265031 11.0
  endloop
endfacet
facet normal 0.0 0.0 1.0
  outer loop
    vertex 4.567727288213006 2.0336832153789994 11.0
    vertex 4.667902132486009 -1.7918397477265031 11.0
    vertex 4.938441702975689 0.7821723252011524 11.0
  endloop
endfacet
facet normal 0.0 0.0 1.0
  outer loop
    vertex 4.938441702975689 0.7821723252011524 11.0
    vertex 4.667902132486009 -1.7918397477265031 11.0
    vertex 4.972609476841367 -0.5226423163382692 11.0
  endloop
endfacet
facet normal 0.0 0.0 1.0
  outer loop
    vertex -4.938441702975689 -0.7821723252011542 11.0
    vertex -4.6679021324860095 1.7918397477265005 11.0
    vertex -4.972609476841367 0.5226423163382674 11.0
  endloop
endfacet
facet normal 0.0 0.0 1.0
  outer loop
    vertex -4.6679021324860095 1.7918397477265005 11.0
    vertex -4.938441702975689 -0.7821723252011542 11.0
    vertex -4.567727288213006 -2.033683215379 11.0
  endloop
endfacet
facet normal 0.0 0.0 1.0
  outer loop
    vertex -4.6679021324860095 1.7918397477265005 11.0
    vertex -4.567727288213006 -2.033683215379 11.0
    vertex -4.045084971874736 2.9389262614623672 11.0
  endloop
endfacet
facet normal 0.0 0.0 1.0
  outer loop
    vertex -4.045084971874736 2.9389262614623672 11.0
    vertex -4.567727288213006 -2.033683215379 11.0
    vertex -3.8857298072848545 -3.1466019552491864 11.0
  endloop
endfacet
facet normal 0.0 0.0 1.0
  outer loop
    vertex -4.045084971874736 2.9389262614623672 11.0
    vertex -3.8857298072848545 -3.1466019552491864 11.0
    vertex -3.146601955249187 3.8857298072848545 11.0
  endloop
endfacet
facet normal 0.0 0.0 1.0
  outer loop
    vertex -3.146601955249187 3.8857298072848545 11.0
    vertex -3.8857298072848545 -3.1466019552491864 11.0
    vertex -2.9389262614623677 -4.045084971874736 11.0
  endloop
endfacet
facet normal 0.0 0.0 1.0
  outer loop
    vertex -3.146601955249187 3.8857298072848545 11.0
    vertex -2.9389262614623677 -4.045084971874736 11.0
    vertex -2.0336832153790025 4.567727288213004 11.0
  endloop
endfacet
facet normal 0.0 0.0 1.0
  outer loop
    vertex -2.0336832153790025 4.567727288213004 11.0
    vertex -2.9389262614623677 -4.045084971874736 11.0
    vertex -2.2027026310887 0.2315133755582714 11.0
  endloop
endfacet
facet normal 0.0 0.0 1.0
  outer loop
    vertex -2.0336832153790025 4.567727288213004 11.0
    vertex -2.2027026310887 0.2315133755582714 11.0
    vertex -2.0677272882130033 0.793726140206282 11.0
  endloop
endfacet
facet normal 0.0 0.0 1.0
  outer loop
    vertex -2.0336832153790025 4.567727288213004 11.0
    vertex -2.0677272882130033 0.793726140206282 11.0
    vertex -1.7918397477265002 1.3018477800937005 11.0
  endloop
endfacet
facet normal 0.0 0.0 1.0
  outer loop
    vertex -2.0336832153790025 4.567727288213004 11.0
    vertex -1.7918397477265002 1.3018477800937005 11.0
    vertex -0.7821723252011528 4.938441702975689 11.0
  endloop
endfacet
facet normal 0.0 0.0 1.0
  outer loop
    vertex -0.7821723252011528 4.938441702975689 11.0
    vertex -1.7918397477265002 1.3018477800937005 11.0
    vertex -1.393841289587628 1.721250645172911 11.0
  endloop
endfacet
facet normal 0.0 0.0 1.0
  outer loop
    vertex -0.7821723252011528 4.938441702975689 11.0
    vertex -1.393841289587628 1.721250645172911 11.0
    vertex -0.9008548509949994 2.023353123284772 11.0
  endloop
endfacet
facet normal 0.0 0.0 1.0
  outer loop
    vertex -0.7821723252011528 4.938441702975689 11.0
    vertex -0.9008548509949994 2.023353123284772 11.0
    vertex -0.3464766430400931 2.18756742979391 11.0
  endloop
endfacet
facet normal 0.0 0.0 1.0
  outer loop
    vertex -0.7821723252011528 4.938441702975689 11.0
    vertex -0.3464766430400931 2.18756742979391 11.0
    vertex 0.5226423163382674 4.972609476841367 11.0
  endloop
endfacet
facet normal 0.0 0.0 1.0
  outer loop
    vertex 0.5226423163382674 4.972609476841367 11.0
    vertex -0.3464766430400931 2.18756742979391 11.0
    vertex 0.23151337555827087 2.2027026310886995 11.0
  endloop
endfacet
facet normal 0.0 0.0 1.0
  outer loop
    vertex 0.5226423163382674 4.972609476841367 11.0
    vertex 0.23151337555827087 2.2027026310886995 11.0
    vertex 0.7937261402062811 2.067727288213004 11.0
  endloop
endfacet
facet normal 0.0 0.0 1.0
  outer loop
    vertex 0.5226423163382674 4.972609476841367 11.0
    vertex 0.7937261402062811 2.067727288213004 11.0
    vertex 1.7918397477265002 4.6679021324860095 11.0
  endloop
endfacet
facet normal 0.0 0.0 1.0
  outer loop
    vertex 1.7918397477265002 4.6679021324860095 11.0
    vertex 0.7937261402062811 2.067727288213004 11.0
    vertex 1.3018477800937003 1.7918397477265005 11.0
  endloop
endfacet
facet normal 0.0 0.0 1.0
  outer loop
    vertex 1.7918397477265002 4.6679021324860095 11.0
    vertex 1.3018477800937003 1.7918397477265005 11.0
    vertex 1.721250645172911 1.3938412895876282 11.0
  endloop
endfacet
facet normal 0.0 0.0 1.0
  outer loop
    vertex 1.7918397477265002 4.6679021324860095 11.0
    vertex 1.721250645172911 1.3938412895876282 11.0
    vertex 2.0233531232847715 0.9008548509950005 11.0
  endloop
endfacet
facet normal 0.0 0.0 1.0
  outer loop
    vertex 1.7918397477265002 4.6679021324860095 11.0
    vertex 2.0233531232847715 0.9008548509950005 11.0
    vertex 2.9389262614623677 4.0450849718747355 11.0
  endloop
endfacet
facet normal 0.0 0.0 1.0
  outer loop
    vertex 2.9389262614623677 4.0450849718747355 11.0
    vertex 2.0233531232847715 0.9008548509950005 11.0
    vertex 2.18756742979391 0.34647664304009224 11.0
  endloop
endfacet
facet normal 0.0 0.0 1.0
  outer loop
    vertex 2.9389262614623677 4.0450849718747355 11.0
    vertex 2.18756742979391 0.34647664304009224 11.0
    vertex 2.2027026310886995 -0.23151337555827087 11.0
  endloop
endfacet
facet normal 0.9996573249755575 0.026176948307872965 0.0
  outer loop
    vertex 4.938441702975689 0.7821723252011524 3.9999999999999996
    vertex 4.972609476841367 -0.5226423163382692 11.0
    vertex 4.972609476841367 -0.5226423163382692 3.9999999999999996
  endloop
endfacet
facet normal 0.9996573249755575 0.026176948307872965 0.0
  outer loop
    vertex 4.972609476841367 -0.5226423163382692 11.0
    vertex 4.938441702975689 0.7821723252011524 3.9999999999999996
    vertex 4.938441702975689 0.7821723252011524 11.0
  endloop
endfacet
facet normal 0.9588197348681933 0.28401534470392187 0.0
  outer loop
    vertex 4.567727288213006 2.0336832153789994 3.9999999999999996
    vertex 4.938441702975689 0.7821723252011524 11.0
    vertex 4.938441702975689 0.7821723252011524 3.9999999999999996
  endloop
endfacet
facet normal 0.9588197348681933 0.28401534470392187 0.0
  outer loop
    vertex 4.938441702975689 0.7821723252011524 11.0
    vertex 4.567727288213006 2.0336832153789994 3.9999999999999996
    vertex 4.567727288213006 2.0336832153789994 11.0
  endloop
endfacet
facet normal 0.8526401643540924 0.5224985647159489 0.0
  outer loop
    vertex 3.8857298072848563 3.1466019552491855 3.9999999999999996
    vertex 4.567727288213006 2.0336832153789994 11.0
    vertex 4.567727288213006 2.0336832153789994 3.9999999999999996
  endloop
endfacet
facet normal 0.8526401643540924 0.5224985647159489 0.0
  outer loop
    vertex 4.567727288213006 2.0336832153789994 11.0
    vertex 3.8857298072848563 3.1466019552491855 3.9999999999999996
    vertex 3.8857298072848563 3.1466019552491855 11.0
  endloop
endfacet
facet normal 0.6883545756937542 0.7253743710122874 0.0
  outer loop
    vertex 2.9389262614623677 4.0450849718747355 11.0
    vertex 3.8857298072848563 3.1466019552491855 3.9999999999999996
    vertex 2.9389262614623677 4.0450849718747355 3.9999999999999996
  endloop
endfacet
facet normal 0.6883545756937542 0.7253743710122874 0.0
  outer loop
    vertex 3.8857298072848563 3.1466019552491855 3.9999999999999996
    vertex 2.9389262614623677 4.0450849718747355 11.0
    vertex 3.8857298072848563 3.1466019552491855 11.0
  endloop
endfacet
facet normal 0.4771587602596087 0.8788171126619653 0.0
  outer loop
    vertex 1.7918397477265002 4.6679021324860095 11.0
    vertex 2.9389262614623677 4.0450849718747355 3.9999999999999996
    vertex 1.7918397477265002 4.6679021324860095 3.9999999999999996
  endloop
endfacet
facet normal 0.4771587602596087 0.8788171126619653 0.0
  outer loop
    vertex 2.9389262614623677 4.0450849718747355 3.9999999999999996
    vertex 1.7918397477265002 4.6679021324860095 11.0
    vertex 2.9389262614623677 4.0450849718747355 11.0
  endloop
endfacet
facet normal 0.233445363855905 0.9723699203976769 0.0
  outer loop
    vertex 0.5226423163382674 4.972609476841367 11.0
    vertex 1.7918397477265002 4.6679021324860095 3.9999999999999996
    vertex 0.5226423163382674 4.972609476841367 3.9999999999999996
  endloop
endfacet
facet normal 0.233445363855905 0.9723699203976769 0.0
  outer loop
    vertex 1.7918397477265002 4.6679021324860095 3.9999999999999996
    vertex 0.5226423163382674 4.972609476841367 11.0
    vertex 1.7918397477265002 4.6679021324860095 11.0
  endloop
endfacet
facet normal -0.02617694830787245 0.9996573249755575 0.0
  outer loop
    vertex -0.7821723252011528 4.938441702975689 11.0
    vertex 0.5226423163382674 4.972609476841367 3.9999999999999996
    vertex -0.7821723252011528 4.938441702975689 3.9999999999999996
  endloop
endfacet
facet normal -0.02617694830787245 0.9996573249755575 0.0
  outer loop
    vertex 0.5226423163382674 4.972609476841367 3.9999999999999996
    vertex -0.7821723252011528 4.938441702975689 11.0
    vertex 0.5226423163382674 4.972609476841367 11.0
  endloop
endfacet
facet normal -0.28401534470392287 0.958819734868193 0.0
  outer loop
    vertex -2.0336832153790025 4.567727288213004 11.0
    vertex -0.7821723252011528 4.938441702975689 3.9999999999999996
    vertex -2.0336832153790025 4.567727288213004 3.9999999999999996
  endloop
endfacet
facet normal -0.28401534470392287 0.958819734868193 0.0
  outer loop
    vertex -0.7821723252011528 4.938441702975689 3.9999999999999996
    vertex -2.0336832153790025 4.567727288213004 11.0
    vertex -0.7821723252011528 4.938441702975689 11.0
  endloop
endfacet
facet normal -0.522498564715949 0.8526401643540923 0.0
  outer loop
    vertex -3.146601955249187 3.8857298072848545 11.0
    vertex -2.0336832153790025 4.567727288213004 3.9999999999999996
    vertex -3.146601955249187 3.8857298072848545 3.9999999999999996
  endloop
endfacet
facet normal -0.522498564715949 0.8526401643540923 0.0
  outer loop
    vertex -2.0336832153790025 4.567727288213004 3.9999999999999996
    vertex -3.146601955249187 3.8857298072848545 11.0
    vertex -2.0336832153790025 4.567727288213004 11.0
  endloop
endfacet
facet normal -0.7253743710122875 0.6883545756937542 0.0
  outer loop
    vertex -3.146601955249187 3.8857298072848545 11.0
    vertex -4.045084971874736 2.9389262614623672 3.9999999999999996
    vertex -4.045084971874736 2.9389262614623672 11.0
  endloop
endfacet
facet normal -0.7253743710122875 0.6883545756937542 0.0
  outer loop
    vertex -4.045084971874736 2.9389262614623672 3.9999999999999996
    vertex -3.146601955249187 3.8857298072848545 11.0
    vertex -3.146601955249187 3.8857298072848545 3.9999999999999996
  endloop
endfacet
facet normal -0.8788171126619653 0.47715876025960857 0.0
  outer loop
    vertex -4.045084971874736 2.9389262614623672 11.0
    vertex -4.6679021324860095 1.7918397477265005 3.9999999999999996
    vertex -4.6679021324860095 1.7918397477265005 11.0
  endloop
endfacet
facet normal -0.8788171126619653 0.47715876025960857 0.0
  outer loop
    vertex -4.6679021324860095 1.7918397477265005 3.9999999999999996
    vertex -4.045084971874736 2.9389262614623672 11.0
    vertex -4.045084971874736 2.9389262614623672 3.9999999999999996
  endloop
endfacet
facet normal -0.9723699203976768 0.2334453638559049 0.0
  outer loop
    vertex -4.6679021324860095 1.7918397477265005 11.0
    vertex -4.972609476841367 0.5226423163382674 3.9999999999999996
    vertex -4.972609476841367 0.5226423163382674 11.0
  endloop
endfacet
facet normal -0.9723699203976768 0.2334453638559049 0.0
  outer loop
    vertex -4.972609476841367 0.5226423163382674 3.9999999999999996
    vertex -4.6679021324860095 1.7918397477265005 11.0
    vertex -4.6679021324860095 1.7918397477265005 3.9999999999999996
  endloop
endfacet
facet normal -0.9996573249755575 -0.026176948307872424 -0.0
  outer loop
    vertex -4.972609476841367 0.5226423163382674 11.0
    vertex -4.938441702975689 -0.7821723252011542 3.9999999999999996
    vertex -4.938441702975689 -0.7821723252011542 11.0
  endloop
endfacet
facet normal -0.9996573249755575 -0.026176948307872424 -0.0
  outer loop
    vertex -4.938441702975689 -0.7821723252011542 3.9999999999999996
    vertex -4.972609476841367 0.5226423163382674 11.0
    vertex -4.972609476841367 0.5226423163382674 3.9999999999999996
  endloop
endfacet
facet normal -0.9588197348681933 -0.2840153447039222 -0.0
  outer loop
    vertex -4.938441702975689 -0.7821723252011542 11.0
    vertex -4.567727288213006 -2.033683215379 3.9999999999999996
    vertex -4.567727288213006 -2.033683215379 11.0
  endloop
endfacet
facet normal -0.9588197348681933 -0.2840153447039222 -0.0
  outer loop
    vertex -4.567727288213006 -2.033683215379 3.9999999999999996
    vertex -4.938441702975689 -0.7821723252011542 11.0
    vertex -4.938441702975689 -0.7821723252011542 3.9999999999999996
  endloop
endfacet
facet normal -0.852640164354092 -0.5224985647159495 -0.0
  outer loop
    vertex -4.567727288213006 -2.033683215379 11.0
    vertex -3.8857298072848545 -3.1466019552491864 3.9999999999999996
    vertex -3.8857298072848545 -3.1466019552491864 11.0
  endloop
endfacet
facet normal -0.852640164354092 -0.5224985647159495 -0.0
  outer loop
    vertex -3.8857298072848545 -3.1466019552491864 3.9999999999999996
    vertex -4.567727288213006 -2.033683215379 11.0
    vertex -4.567727288213006 -2.033683215379 3.9999999999999996
  endloop
endfacet
facet normal -0.6883545756937545 -0.7253743710122872 -0.0
  outer loop
    vertex -2.9389262614623677 -4.045084971874736 11.0
    vertex -3.8857298072848545 -3.1466019552491864 3.9999999999999996
    vertex -2.9389262614623677 -4.045084971874736 3.9999999999999996
  endloop
endfacet
facet normal -0.6883545756937545 -0.7253743710122872 -0.0
  outer loop
    vertex -3.8857298072848545 -3.1466019552491864 3.9999999999999996
    vertex -2.9389262614623677 -4.045084971874736 11.0
    vertex -3.8857298072848545 -3.1466019552491864 11.0
  endloop
endfacet
facet normal -0.4771587602596089 -0.8788171126619653 -0.0
  outer loop
    vertex -1.7918397477265031 -4.667902132486009 11.0
    vertex -2.9389262614623677 -4.045084971874736 3.9999999999999996
    vertex -1.7918397477265031 -4.667902132486009 3.9999999999999996
  endloop
endfacet
facet normal -0.4771587602596089 -0.8788171126619653 -0.0
  outer loop
    vertex -2.9389262614623677 -4.045084971874736 3.9999999999999996
    vertex -1.7918397477265031 -4.667902132486009 11.0
    vertex -2.9389262614623677 -4.045084971874736 11.0
  endloop
endfacet
facet normal -0.23344536385590564 -0.9723699203976767 -0.0
  outer loop
    vertex -0.5226423163382681 -4.972609476841367 11.0
    vertex -1.7918397477265031 -4.667902132486009 3.9999999999999996
    vertex -0.5226423163382681 -4.972609476841367 3.9999999999999996
  endloop
endfacet
facet normal -0.23344536385590564 -0.9723699203976767 -0.0
  outer loop
    vertex -1.7918397477265031 -4.667902132486009 3.9999999999999996
    vertex -0.5226423163382681 -4.972609476841367 11.0
    vertex -1.7918397477265031 -4.667902132486009 11.0
  endloop
endfacet
facet normal 0.02617694830787298 -0.9996573249755574 0.0
  outer loop
    vertex 0.7821723252011524 -4.938441702975689 11.0
    vertex -0.5226423163382681 -4.972609476841367 3.9999999999999996
    vertex 0.7821723252011524 -4.938441702975689 3.9999999999999996
  endloop
endfacet
facet normal 0.02617694830787298 -0.9996573249755574 0.0
  outer loop
    vertex -0.5226423163382681 -4.972609476841367 3.9999999999999996
    vertex 0.7821723252011524 -4.938441702975689 11.0
    vertex -0.5226423163382681 -4.972609476841367 11.0
  endloop
endfacet
facet normal 0.2840153447039218 -0.9588197348681934 0.0
  outer loop
    vertex 2.033683215379 -4.567727288213006 11.0
    vertex 0.7821723252011524 -4.938441702975689 3.9999999999999996
    vertex 2.033683215379 -4.567727288213006 3.9999999999999996
  endloop
endfacet
facet normal 0.2840153447039218 -0.9588197348681934 0.0
  outer loop
    vertex 0.7821723252011524 -4.938441702975689 3.9999999999999996
    vertex 2.033683215379 -4.567727288213006 11.0
    vertex 0.7821723252011524 -4.938441702975689 11.0
  endloop
endfacet
facet normal 0.5224985647159492 -0.852640164354092 0.0
  outer loop
    vertex 3.146601955249186 -3.8857298072848554 11.0
    vertex 2.033683215379 -4.567727288213006 3.9999999999999996
    vertex 3.146601955249186 -3.8857298072848554 3.9999999999999996
  endloop
endfacet
facet normal 0.5224985647159492 -0.852640164354092 0.0
  outer loop
    vertex 2.033683215379 -4.567727288213006 3.9999999999999996
    vertex 3.146601955249186 -3.8857298072848554 11.0
    vertex 2.033683215379 -4.567727288213006 11.0
  endloop
endfacet
facet normal 0.7253743710122874 -0.6883545756937542 0.0
  outer loop
    vertex 4.0450849718747355 -2.9389262614623677 3.9999999999999996
    vertex 3.146601955249186 -3.8857298072848554 11.0
    vertex 3.146601955249186 -3.8857298072848554 3.9999999999999996
  endloop
endfacet
facet normal 0.7253743710122874 -0.6883545756937542 0.0
  outer loop
    vertex 3.146601955249186 -3.8857298072848554 11.0
    vertex 4.0450849718747355 -2.9389262614623677 3.9999999999999996
    vertex 4.0450849718747355 -2.9389262614623677 11.0
  endloop
endfacet
facet normal 0.8788171126619649 -0.4771587602596093 0.0
  outer loop
    vertex 4.667902132486009 -1.7918397477265031 3.9999999999999996
    vertex 4.0450849718747355 -2.9389262614623677 11.0
    vertex 4.0450849718747355 -2.9389262614623677 3.9999999999999996
  endloop
endfacet
facet normal 0.8788171126619649 -0.4771587602596093 0.0
  outer loop
    vertex 4.0450849718747355 -2.9389262614623677 11.0
    vertex 4.667902132486009 -1.7918397477265031 3.9999999999999996
    vertex 4.667902132486009 -1.7918397477265031 11.0
  endloop
endfacet
facet normal 0.9723699203976767 -0.2334453638559058 0.0
  outer loop
    vertex 4.972609476841367 -0.5226423163382692 3.9999999999999996
    vertex 4.667902132486009 -1.7918397477265031 11.0
    vertex 4.667902132486009 -1.7918397477265031 3.9999999999999996
  endloop
endfacet
facet normal 0.9723699203976767 -0.2334453638559058 0.0
  outer loop
    vertex 4.667902132486009 -1.7918397477265031 11.0
    vertex 4.972609476841367 -0.5226423163382692 3.9999999999999996
    vertex 4.972609476841367 -0.5226423163382692 11.0
  endloop
endfacet
facet normal 0.7253743710122877 -0.688354575693754 -0.0
  outer loop
    vertex -1.393841289587628 1.721250645172911 0.0
    vertex -1.7918397477265002 1.3018477800937005 11.0
    vertex -1.7918397477265002 1.3018477800937005 0.0
  endloop
endfacet
facet normal 0.7253743710122877 -0.688354575693754 -0.0
  outer loop
    vertex -1.7918397477265002 1.3018477800937005 11.0
    vertex -1.393841289587628 1.721250645172911 0.0
    vertex -1.393841289587628 1.721250645172911 11.0
  endloop
endfacet
facet normal 0.8788171126619654 -0.47715876025960874 -0.0
  outer loop
    vertex -1.7918397477265002 1.3018477800937005 0.0
    vertex -2.0677272882130033 0.793726140206282 11.0
    vertex -2.0677272882130033 0.793726140206282 0.0
  endloop
endfacet
facet normal 0.8788171126619654 -0.47715876025960874 -0.0
  outer loop
    vertex -2.0677272882130033 0.793726140206282 11.0
    vertex -1.7918397477265002 1.3018477800937005 0.0
    vertex -1.7918397477265002 1.3018477800937005 11.0
  endloop
endfacet
facet normal 0.9723699203976764 -0.2334453638559061 -0.0
  outer loop
    vertex -2.0677272882130033 0.793726140206282 0.0
    vertex -2.2027026310887 0.2315133755582714 11.0
    vertex -2.2027026310887 0.2315133755582714 0.0
  endloop
endfacet
facet normal 0.9723699203976764 -0.2334453638559061 -0.0
  outer loop
    vertex -2.2027026310887 0.2315133755582714 11.0
    vertex -2.0677272882130033 0.793726140206282 0.0
    vertex -2.0677272882130033 0.793726140206282 11.0
  endloop
endfacet
facet normal 0.9996573249755573 0.026176948307873586 0.0
  outer loop
    vertex -2.2027026310887 0.2315133755582714 0.0
    vertex -2.18756742979391 -0.34647664304009207 11.0
    vertex -2.18756742979391 -0.34647664304009207 0.0
  endloop
endfacet
facet normal 0.9996573249755573 0.026176948307873586 0.0
  outer loop
    vertex -2.18756742979391 -0.34647664304009207 11.0
    vertex -2.2027026310887 0.2315133755582714 0.0
    vertex -2.2027026310887 0.2315133755582714 11.0
  endloop
endfacet
facet normal 0.9588197348681932 0.28401534470392265 0.0
  outer loop
    vertex -2.18756742979391 -0.34647664304009207 0.0
    vertex -2.023353123284772 -0.9008548509949994 11.0
    vertex -2.023353123284772 -0.9008548509949994 0.0
  endloop
endfacet
facet normal 0.9588197348681932 0.28401534470392265 0.0
  outer loop
    vertex -2.023353123284772 -0.9008548509949994 11.0
    vertex -2.18756742979391 -0.34647664304009207 0.0
    vertex -2.18756742979391 -0.34647664304009207 11.0
  endloop
endfacet
facet normal 0.8526401643540922 0.5224985647159491 0.0
  outer loop
    vertex -2.023353123284772 -0.9008548509949994 0.0
    vertex -1.721250645172911 -1.3938412895876273 11.0
    vertex -1.721250645172911 -1.3938412895876273 0.0
  endloop
endfacet
facet normal 0.8526401643540922 0.5224985647159491 0.0
  outer loop
    vertex -1.721250645172911 -1.3938412895876273 11.0
    vertex -2.023353123284772 -0.9008548509949994 0.0
    vertex -2.023353123284772 -0.9008548509949994 11.0
  endloop
endfacet
facet normal 0.6883545756937546 0.7253743710122871 0.0
  outer loop
    vertex -1.721250645172911 -1.3938412895876273 11.0
    vertex -1.3018477800937005 -1.7918397477265002 0.0
    vertex -1.721250645172911 -1.3938412895876273 0.0
  endloop
endfacet
facet normal 0.6883545756937546 0.7253743710122871 0.0
  outer loop
    vertex -1.3018477800937005 -1.7918397477265002 0.0
    vertex -1.721250645172911 -1.3938412895876273 11.0
    vertex -1.3018477800937005 -1.7918397477265002 11.0
  endloop
endfacet
facet normal 0.4771587602596088 0.8788171126619654 0.0
  outer loop
    vertex -1.3018477800937005 -1.7918397477265002 11.0
    vertex -0.7937261402062821 -2.0677272882130033 0.0
    vertex -1.3018477800937005 -1.7918397477265002 0.0
  endloop
endfacet
facet normal 0.4771587602596088 0.8788171126619654 0.0
  outer loop
    vertex -0.7937261402062821 -2.0677272882130033 0.0
    vertex -1.3018477800937005 -1.7918397477265002 11.0
    vertex -0.7937261402062821 -2.0677272882130033 11.0
  endloop
endfacet
facet normal 0.23344536385590564 0.9723699203976766 0.0
  outer loop
    vertex -0.7937261402062821 -2.0677272882130033 11.0
    vertex -0.23151337555827176 -2.2027026310886995 0.0
    vertex -0.7937261402062821 -2.0677272882130033 0.0
  endloop
endfacet
facet normal 0.23344536385590564 0.9723699203976766 0.0
  outer loop
    vertex -0.23151337555827176 -2.2027026310886995 0.0
    vertex -0.7937261402062821 -2.0677272882130033 11.0
    vertex -0.23151337555827176 -2.2027026310886995 11.0
  endloop
endfacet
facet normal -0.026176948307872965 0.9996573249755575 -0.0
  outer loop
    vertex -0.23151337555827176 -2.2027026310886995 11.0
    vertex 0.34647664304009207 -2.18756742979391 0.0
    vertex -0.23151337555827176 -2.2027026310886995 0.0
  endloop
endfacet
facet normal -0.026176948307872965 0.9996573249755575 -0.0
  outer loop
    vertex 0.34647664304009207 -2.18756742979391 0.0
    vertex -0.23151337555827176 -2.2027026310886995 11.0
    vertex 0.34647664304009207 -2.18756742979391 11.0
  endloop
endfacet
facet normal -0.2840153447039224 0.9588197348681932 -0.0
  outer loop
    vertex 0.34647664304009207 -2.18756742979391 11.0
    vertex 0.9008548509949987 -2.0233531232847723 0.0
    vertex 0.34647664304009207 -2.18756742979391 0.0
  endloop
endfacet
facet normal -0.2840153447039224 0.9588197348681932 -0.0
  outer loop
    vertex 0.9008548509949987 -2.0233531232847723 0.0
    vertex 0.34647664304009207 -2.18756742979391 11.0
    vertex 0.9008548509949987 -2.0233531232847723 11.0
  endloop
endfacet
facet normal -0.5224985647159487 0.8526401643540924 -0.0
  outer loop
    vertex 0.9008548509949987 -2.0233531232847723 11.0
    vertex 1.393841289587627 -1.7212506451729115 0.0
    vertex 0.9008548509949987 -2.0233531232847723 0.0
  endloop
endfacet
facet normal -0.5224985647159487 0.8526401643540924 -0.0
  outer loop
    vertex 1.393841289587627 -1.7212506451729115 0.0
    vertex 0.9008548509949987 -2.0233531232847723 11.0
    vertex 1.393841289587627 -1.7212506451729115 11.0
  endloop
endfacet
facet normal -0.7253743710122872 0.6883545756937546 -0.0
  outer loop
    vertex 1.7918397477265002 -1.3018477800937007 11.0
    vertex 1.393841289587627 -1.7212506451729115 0.0
    vertex 1.393841289587627 -1.7212506451729115 11.0
  endloop
endfacet
facet normal -0.7253743710122872 0.6883545756937546 -0.0
  outer loop
    vertex 1.393841289587627 -1.7212506451729115 0.0
    vertex 1.7918397477265002 -1.3018477800937007 11.0
    vertex 1.7918397477265002 -1.3018477800937007 0.0
  endloop
endfacet
facet normal -0.8788171126619654 0.4771587602596088 -0.0
  outer loop
    vertex 2.067727288213004 -0.793726140206281 11.0
    vertex 1.7918397477265002 -1.3018477800937007 0.0
    vertex 1.7918397477265002 -1.3018477800937007 11.0
  endloop
endfacet
facet normal -0.8788171126619654 0.4771587602596088 -0.0
  outer loop
    vertex 1.7918397477265002 -1.3018477800937007 0.0
    vertex 2.067727288213004 -0.793726140206281 11.0
    vertex 2.067727288213004 -0.793726140206281 0.0
  endloop
endfacet
facet normal -0.972369920397677 0.23344536385590464 -0.0
  outer loop
    vertex 2.2027026310886995 -0.23151337555827087 11.0
    vertex 2.067727288213004 -0.793726140206281 0.0
    vertex 2.067727288213004 -0.793726140206281 11.0
  endloop
endfacet
facet normal -0.972369920397677 0.23344536385590464 -0.0
  outer loop
    vertex 2.067727288213004 -0.793726140206281 0.0
    vertex 2.2027026310886995 -0.23151337555827087 11.0
    vertex 2.2027026310886995 -0.23151337555827087 0.0
  endloop
endfacet
facet normal -0.9996573249755574 -0.026176948307872993 -0.0
  outer loop
    vertex 2.18756742979391 0.34647664304009224 11.0
    vertex 2.2027026310886995 -0.23151337555827087 0.0
    vertex 2.2027026310886995 -0.23151337555827087 11.0
  endloop
endfacet
facet normal -0.9996573249755574 -0.026176948307872993 -0.0
  outer loop
    vertex 2.2027026310886995 -0.23151337555827087 0.0
    vertex 2.18756742979391 0.34647664304009224 11.0
    vertex 2.18756742979391 0.34647664304009224 0.0
  endloop
endfacet
facet normal -0.9588197348681932 -0.2840153447039228 -0.0
  outer loop
    vertex 2.0233531232847715 0.9008548509950005 11.0
    vertex 2.18756742979391 0.34647664304009224 0.0
    vertex 2.18756742979391 0.34647664304009224 11.0
  endloop
endfacet
facet normal -0.9588197348681932 -0.2840153447039228 -0.0
  outer loop
    vertex 2.18756742979391 0.34647664304009224 0.0
    vertex 2.0233531232847715 0.9008548509950005 11.0
    vertex 2.0233531232847715 0.9008548509950005 0.0
  endloop
endfacet
facet normal -0.8526401643540925 -0.5224985647159488 -0.0
  outer loop
    vertex 1.721250645172911 1.3938412895876282 11.0
    vertex 2.0233531232847715 0.9008548509950005 0.0
    vertex 2.0233531232847715 0.9008548509950005 11.0
  endloop
endfacet
facet normal -0.8526401643540925 -0.5224985647159488 -0.0
  outer loop
    vertex 2.0233531232847715 0.9008548509950005 0.0
    vertex 1.721250645172911 1.3938412895876282 11.0
    vertex 1.721250645172911 1.3938412895876282 0.0
  endloop
endfacet
facet normal -0.6883545756937539 -0.7253743710122877 -0.0
  outer loop
    vertex 1.721250645172911 1.3938412895876282 11.0
    vertex 1.3018477800937003 1.7918397477265005 0.0
    vertex 1.721250645172911 1.3938412895876282 0.0
  endloop
endfacet
facet normal -0.6883545756937539 -0.7253743710122877 -0.0
  outer loop
    vertex 1.3018477800937003 1.7918397477265005 0.0
    vertex 1.721250645172911 1.3938412895876282 11.0
    vertex 1.3018477800937003 1.7918397477265005 11.0
  endloop
endfacet
facet normal -0.4771587602596085 -0.8788171126619653 -0.0
  outer loop
    vertex 1.3018477800937003 1.7918397477265005 11.0
    vertex 0.7937261402062811 2.067727288213004 0.0
    vertex 1.3018477800937003 1.7918397477265005 0.0
  endloop
endfacet
facet normal -0.4771587602596085 -0.8788171126619653 -0.0
  outer loop
    vertex 0.7937261402062811 2.067727288213004 0.0
    vertex 1.3018477800937003 1.7918397477265005 11.0
    vertex 0.7937261402062811 2.067727288213004 11.0
  endloop
endfacet
facet normal -0.23344536385590461 -0.972369920397677 -0.0
  outer loop
    vertex 0.7937261402062811 2.067727288213004 11.0
    vertex 0.23151337555827087 2.2027026310886995 0.0
    vertex 0.7937261402062811 2.067727288213004 0.0
  endloop
endfacet
facet normal -0.23344536385590461 -0.972369920397677 -0.0
  outer loop
    vertex 0.23151337555827087 2.2027026310886995 0.0
    vertex 0.7937261402062811 2.067727288213004 11.0
    vertex 0.23151337555827087 2.2027026310886995 11.0
  endloop
endfacet
facet normal 0.026176948307872955 -0.9996573249755575 -0.0
  outer loop
    vertex 0.23151337555827087 2.2027026310886995 11.0
    vertex -0.3464766430400931 2.18756742979391 0.0
    vertex 0.23151337555827087 2.2027026310886995 0.0
  endloop
endfacet
facet normal 0.026176948307872955 -0.9996573249755575 -0.0
  outer loop
    vertex -0.3464766430400931 2.18756742979391 0.0
    vertex 0.23151337555827087 2.2027026310886995 11.0
    vertex -0.3464766430400931 2.18756742979391 11.0
  endloop
endfacet
facet normal 0.28401534470392314 -0.958819734868193 -0.0
  outer loop
    vertex -0.3464766430400931 2.18756742979391 11.0
    vertex -0.9008548509949994 2.023353123284772 0.0
    vertex -0.3464766430400931 2.18756742979391 0.0
  endloop
endfacet
facet normal 0.28401534470392314 -0.958819734868193 -0.0
  outer loop
    vertex -0.9008548509949994 2.023353123284772 0.0
    vertex -0.3464766430400931 2.18756742979391 11.0
    vertex -0.9008548509949994 2.023353123284772 11.0
  endloop
endfacet
facet normal 0.5224985647159485 -0.8526401643540925 -0.0
  outer loop
    vertex -0.9008548509949994 2.023353123284772 11.0
    vertex -1.393841289587628 1.721250645172911 0.0
    vertex -0.9008548509949994 2.023353123284772 0.0
  endloop
endfacet
facet normal 0.5224985647159485 -0.8526401643540925 -0.0
  outer loop
    vertex -1.393841289587628 1.721250645172911 0.0
    vertex -0.9008548509949994 2.023353123284772 11.0
    vertex -1.393841289587628 1.721250645172911 11.0
  endloop
endfacet
facet normal -0.9238795325112862 -0.3826834323650915 -0.0
  outer loop
    vertex 1.2990381056766551 13.749999999999998 3.9999999999999996
    vertex 1.4488887394335996 13.38822856765378 0.0
    vertex 1.4488887394335996 13.38822856765378 3.9999999999999996
  endloop
endfacet
facet normal -0.9238795325112862 -0.3826834323650915 -0.0
  outer loop
    vertex 1.4488887394335996 13.38822856765378 0.0
    vertex 1.2990381056766551 13.749999999999998 3.9999999999999996
    vertex 1.2990381056766551 13.749999999999998 0.0
  endloop
endfacet
facet normal -0.9914448613738105 -0.13052619222005124 -0.0
  outer loop
    vertex 1.4488887394335996 13.38822856765378 3.9999999999999996
    vertex 1.4999999999999971 12.999999999999998 0.0
    vertex 1.4999999999999971 12.999999999999998 3.9999999999999996
  endloop
endfacet
facet normal -0.9914448613738105 -0.13052619222005124 -0.0
  outer loop
    vertex 1.4999999999999971 12.999999999999998 0.0
    vertex 1.4488887394335996 13.38822856765378 3.9999999999999996
    vertex 1.4488887394335996 13.38822856765378 0.0
  endloop
endfacet
facet normal -0.9914448613738104 0.13052619222005166 -0.0
  outer loop
    vertex 1.4999999999999971 12.999999999999998 3.9999999999999996
    vertex 1.4488887394335992 12.611771432346217 0.0
    vertex 1.4488887394335992 12.611771432346217 3.9999999999999996
  endloop
endfacet
facet normal -0.9914448613738104 0.13052619222005166 -0.0
  outer loop
    vertex 1.4488887394335992 12.611771432346217 0.0
    vertex 1.4999999999999971 12.999999999999998 3.9999999999999996
    vertex 1.4999999999999971 12.999999999999998 0.0
  endloop
endfacet
facet normal -0.9238795325112867 0.3826834323650902 -0.0
  outer loop
    vertex 1.4488887394335992 12.611771432346217 3.9999999999999996
    vertex 1.2990381056766547 12.249999999999996 0.0
    vertex 1.2990381056766547 12.249999999999996 3.9999999999999996
  endloop
endfacet
facet normal -0.9238795325112867 0.3826834323650902 -0.0
  outer loop
    vertex 1.2990381056766547 12.249999999999996 0.0
    vertex 1.4488887394335992 12.611771432346217 3.9999999999999996
    vertex 1.4488887394335992 12.611771432346217 0.0
  endloop
endfacet
facet normal -0.7933533402912339 0.6087614290087222 -0.0
  outer loop
    vertex 1.2990381056766547 12.249999999999996 3.9999999999999996
    vertex 1.0606601717798183 11.939339828220177 0.0
    vertex 1.0606601717798183 11.939339828220177 3.9999999999999996
  endloop
endfacet
facet normal -0.7933533402912339 0.6087614290087222 -0.0
  outer loop
    vertex 1.0606601717798183 11.939339828220177 0.0
    vertex 1.2990381056766547 12.249999999999996 3.9999999999999996
    vertex 1.2990381056766547 12.249999999999996 0.0
  endloop
endfacet
facet normal -0.6087614290087211 0.7933533402912349 -0.0
  outer loop
    vertex 0.7499999999999961 11.70096189432334 3.9999999999999996
    vertex 1.0606601717798183 11.939339828220177 0.0
    vertex 0.7499999999999961 11.70096189432334 0.0
  endloop
endfacet
facet normal -0.6087614290087211 0.7933533402912349 -0.0
  outer loop
    vertex 1.0606601717798183 11.939339828220177 0.0
    vertex 0.7499999999999961 11.70096189432334 3.9999999999999996
    vertex 1.0606601717798183 11.939339828220177 3.9999999999999996
  endloop
endfacet
facet normal -0.3826834323650885 0.9238795325112874 -0.0
  outer loop
    vertex 0.3882285676537776 11.551111260566396 3.9999999999999996
    vertex 0.7499999999999961 11.70096189432334 0.0
    vertex 0.3882285676537776 11.551111260566396 0.0
  endloop
endfacet
facet normal -0.3826834323650885 0.9238795325112874 -0.0
  outer loop
    vertex 0.7499999999999961 11.70096189432334 0.0
    vertex 0.3882285676537776 11.551111260566396 3.9999999999999996
    vertex 0.7499999999999961 11.70096189432334 3.9999999999999996
  endloop
endfacet
facet normal -0.1305261922200519 0.9914448613738105 -0.0
  outer loop
    vertex -3.095512012356052e-15 11.499999999999998 3.9999999999999996
    vertex 0.3882285676537776 11.551111260566396 0.0
    vertex -3.095512012356052e-15 11.499999999999998 0.0
  endloop
endfacet
facet normal -0.1305261922200519 0.9914448613738105 -0.0
  outer loop
    vertex 0.3882285676537776 11.551111260566396 0.0
    vertex -3.095512012356052e-15 11.499999999999998 3.9999999999999996
    vertex 0.3882285676537776 11.551111260566396 3.9999999999999996
  endloop
endfacet
facet normal 0.13052619222005152 0.9914448613738106 0.0
  outer loop
    vertex -0.388228567653785 11.551111260566396 3.9999999999999996
    vertex -3.095512012356052e-15 11.499999999999998 0.0
    vertex -0.388228567653785 11.551111260566396 0.0
  endloop
endfacet
facet normal 0.13052619222005152 0.9914448613738106 0.0
  outer loop
    vertex -3.095512012356052e-15 11.499999999999998 0.0
    vertex -0.388228567653785 11.551111260566396 3.9999999999999996
    vertex -3.095512012356052e-15 11.499999999999998 3.9999999999999996
  endloop
endfacet
facet normal 0.3826834323650916 0.9238795325112862 0.0
  outer loop
    vertex -0.7500000000000034 11.700961894323342 3.9999999999999996
    vertex -0.388228567653785 11.551111260566396 0.0
    vertex -0.7500000000000034 11.700961894323342 0.0
  endloop
endfacet
facet normal 0.3826834323650916 0.9238795325112862 0.0
  outer loop
    vertex -0.388228567653785 11.551111260566396 0.0
    vertex -0.7500000000000034 11.700961894323342 3.9999999999999996
    vertex -0.388228567653785 11.551111260566396 3.9999999999999996
  endloop
endfacet
facet normal 0.6087614290087201 0.7933533402912357 0.0
  outer loop
    vertex -1.0606601717798247 11.939339828220177 3.9999999999999996
    vertex -0.7500000000000034 11.700961894323342 0.0
    vertex -1.0606601717798247 11.939339828220177 0.0
  endloop
endfacet
facet normal 0.6087614290087201 0.7933533402912357 0.0
  outer loop
    vertex -0.7500000000000034 11.700961894323342 0.0
    vertex -1.0606601717798247 11.939339828220177 3.9999999999999996
    vertex -0.7500000000000034 11.700961894323342 3.9999999999999996
  endloop
endfacet
facet normal 0.7933533402912355 0.6087614290087202 0.0
  outer loop
    vertex -1.299038105676661 12.249999999999998 0.0
    vertex -1.0606601717798247 11.939339828220177 3.9999999999999996
    vertex -1.0606601717798247 11.939339828220177 0.0
  endloop
endfacet
facet normal 0.7933533402912355 0.6087614290087202 0.0
  outer loop
    vertex -1.0606601717798247 11.939339828220177 3.9999999999999996
    vertex -1.299038105676661 12.249999999999998 0.0
    vertex -1.299038105676661 12.249999999999998 3.9999999999999996
  endloop
endfacet
facet normal 0.9238795325112873 0.3826834323650885 0.0
  outer loop
    vertex -1.4488887394336052 12.611771432346218 0.0
    vertex -1.299038105676661 12.249999999999998 3.9999999999999996
    vertex -1.299038105676661 12.249999999999998 0.0
  endloop
endfacet
facet normal 0.9238795325112873 0.3826834323650885 0.0
  outer loop
    vertex -1.299038105676661 12.249999999999998 3.9999999999999996
    vertex -1.4488887394336052 12.611771432346218 0.0
    vertex -1.4488887394336052 12.611771432346218 3.9999999999999996
  endloop
endfacet
facet normal 0.9914448613738104 0.13052619222005168 0.0
  outer loop
    vertex -1.5000000000000027 12.999999999999998 0.0
    vertex -1.4488887394336052 12.611771432346218 3.9999999999999996
    vertex -1.4488887394336052 12.611771432346218 0.0
  endloop
endfacet
facet normal 0.9914448613738104 0.13052619222005168 0.0
  outer loop
    vertex -1.4488887394336052 12.611771432346218 3.9999999999999996
    vertex -1.5000000000000027 12.999999999999998 0.0
    vertex -1.5000000000000027 12.999999999999998 3.9999999999999996
  endloop
endfacet
facet normal 0.9914448613738105 -0.13052619222005168 -0.0
  outer loop
    vertex -1.4488887394336052 13.38822856765378 0.0
    vertex -1.5000000000000027 12.999999999999998 3.9999999999999996
    vertex -1.5000000000000027 12.999999999999998 0.0
  endloop
endfacet
facet normal 0.9914448613738105 -0.13052619222005168 -0.0
  outer loop
    vertex -1.5000000000000027 12.999999999999998 3.9999999999999996
    vertex -1.4488887394336052 13.38822856765378 0.0
    vertex -1.4488887394336052 13.38822856765378 3.9999999999999996
  endloop
endfacet
facet normal 0.9238795325112872 -0.3826834323650889 -0.0
  outer loop
    vertex -1.2990381056766604 13.75 0.0
    vertex -1.4488887394336052 13.38822856765378 3.9999999999999996
    vertex -1.4488887394336052 13.38822856765378 0.0
  endloop
endfacet
facet normal 0.9238795325112872 -0.3826834323650889 -0.0
  outer loop
    vertex -1.4488887394336052 13.38822856765378 3.9999999999999996
    vertex -1.2990381056766604 13.75 0.0
    vertex -1.2990381056766604 13.75 3.9999999999999996
  endloop
endfacet
facet normal 0.7933533402912338 -0.6087614290087225 -0.0
  outer loop
    vertex -1.0606601717798239 14.06066017177982 0.0
    vertex -1.2990381056766604 13.75 3.9999999999999996
    vertex -1.2990381056766604 13.75 0.0
  endloop
endfacet
facet normal 0.7933533402912338 -0.6087614290087225 -0.0
  outer loop
    vertex -1.2990381056766604 13.75 3.9999999999999996
    vertex -1.0606601717798239 14.06066017177982 0.0
    vertex -1.0606601717798239 14.06066017177982 3.9999999999999996
  endloop
endfacet
facet normal 0.6087614290087219 -0.7933533402912342 -0.0
  outer loop
    vertex -0.7500000000000024 14.299038105676658 3.9999999999999996
    vertex -1.0606601717798239 14.06066017177982 0.0
    vertex -0.7500000000000024 14.299038105676658 0.0
  endloop
endfacet
facet normal 0.6087614290087219 -0.7933533402912342 -0.0
  outer loop
    vertex -1.0606601717798239 14.06066017177982 0.0
    vertex -0.7500000000000024 14.299038105676658 3.9999999999999996
    vertex -1.0606601717798239 14.06066017177982 3.9999999999999996
  endloop
endfacet
facet normal 0.3826834323650883 -0.9238795325112875 -0.0
  outer loop
    vertex -0.3882285676537838 14.4488887394336 3.9999999999999996
    vertex -0.7500000000000024 14.299038105676658 0.0
    vertex -0.3882285676537838 14.4488887394336 0.0
  endloop
endfacet
facet normal 0.3826834323650883 -0.9238795325112875 -0.0
  outer loop
    vertex -0.7500000000000024 14.299038105676658 0.0
    vertex -0.3882285676537838 14.4488887394336 3.9999999999999996
    vertex -0.7500000000000024 14.299038105676658 3.9999999999999996
  endloop
endfacet
facet normal 0.1305261922200518 -0.9914448613738105 -0.0
  outer loop
    vertex -2.728117972611846e-15 14.499999999999998 3.9999999999999996
    vertex -0.3882285676537838 14.4488887394336 0.0
    vertex -2.728117972611846e-15 14.499999999999998 0.0
  endloop
endfacet
facet normal 0.1305261922200518 -0.9914448613738105 -0.0
  outer loop
    vertex -0.3882285676537838 14.4488887394336 0.0
    vertex -2.728117972611846e-15 14.499999999999998 3.9999999999999996
    vertex -0.3882285676537838 14.4488887394336 3.9999999999999996
  endloop
endfacet
facet normal -0.13052619222005168 -0.9914448613738105 -0.0
  outer loop
    vertex 0.3882285676537786 14.4488887394336 3.9999999999999996
    vertex -2.728117972611846e-15 14.499999999999998 0.0
    vertex 0.3882285676537786 14.4488887394336 0.0
  endloop
endfacet
facet normal -0.13052619222005168 -0.9914448613738105 -0.0
  outer loop
    vertex -2.728117972611846e-15 14.499999999999998 0.0
    vertex 0.3882285676537786 14.4488887394336 3.9999999999999996
    vertex -2.728117972611846e-15 14.499999999999998 3.9999999999999996
  endloop
endfacet
facet normal -0.3826834323650882 -0.9238795325112874 -0.0
  outer loop
    vertex 0.7499999999999973 14.299038105676658 3.9999999999999996
    vertex 0.3882285676537786 14.4488887394336 0.0
    vertex 0.7499999999999973 14.299038105676658 0.0
  endloop
endfacet
facet normal -0.3826834323650882 -0.9238795325112874 -0.0
  outer loop
    vertex 0.3882285676537786 14.4488887394336 0.0
    vertex 0.7499999999999973 14.299038105676658 3.9999999999999996
    vertex 0.3882285676537786 14.4488887394336 3.9999999999999996
  endloop
endfacet
facet normal -0.6087614290087223 -0.7933533402912338 -0.0
  outer loop
    vertex 1.0606601717798185 14.06066017177982 3.9999999999999996
    vertex 0.7499999999999973 14.299038105676658 0.0
    vertex 1.0606601717798185 14.06066017177982 0.0
  endloop
endfacet
facet normal -0.6087614290087223 -0.7933533402912338 -0.0
  outer loop
    vertex 0.7499999999999973 14.299038105676658 0.0
    vertex 1.0606601717798185 14.06066017177982 3.9999999999999996
    vertex 0.7499999999999973 14.299038105676658 3.9999999999999996
  endloop
endfacet
facet normal -0.7933533402912365 -0.608761429008719 -0.0
  outer loop
    vertex 1.0606601717798185 14.06066017177982 3.9999999999999996
    vertex 1.2990381056766551 13.749999999999998 0.0
    vertex 1.2990381056766551 13.749999999999998 3.9999999999999996
  endloop
endfacet
facet normal -0.7933533402912365 -0.608761429008719 -0.0
  outer loop
    vertex 1.2990381056766551 13.749999999999998 0.0
    vertex 1.0606601717798185 14.06066017177982 3.9999999999999996
    vertex 1.0606601717798185 14.06066017177982 0.0
  endloop
endfacet
facet normal -0.38268343236509134 -0.9238795325112862 -0.0
  outer loop
    vertex 0.7499999999999973 -11.700961894323342 3.9999999999999996
    vertex 0.3882285676537786 -11.551111260566396 0.0
    vertex 0.7499999999999973 -11.700961894323342 0.0
  endloop
endfacet
facet normal -0.38268343236509134 -0.9238795325112862 -0.0
  outer loop
    vertex 0.3882285676537786 -11.551111260566396 0.0
    vertex 0.7499999999999973 -11.700961894323342 3.9999999999999996
    vertex 0.3882285676537786 -11.551111260566396 3.9999999999999996
  endloop
endfacet
facet normal -0.6087614290087201 -0.7933533402912357 -0.0
  outer loop
    vertex 1.0606601717798185 -11.939339828220177 3.9999999999999996
    vertex 0.7499999999999973 -11.700961894323342 0.0
    vertex 1.0606601717798185 -11.939339828220177 0.0
  endloop
endfacet
facet normal -0.6087614290087201 -0.7933533402912357 -0.0
  outer loop
    vertex 0.7499999999999973 -11.700961894323342 0.0
    vertex 1.0606601717798185 -11.939339828220177 3.9999999999999996
    vertex 0.7499999999999973 -11.700961894323342 3.9999999999999996
  endloop
endfacet
facet normal -0.7933533402912352 -0.6087614290087208 -0.0
  outer loop
    vertex 1.0606601717798185 -11.939339828220177 3.9999999999999996
    vertex 1.2990381056766551 -12.249999999999998 0.0
    vertex 1.2990381056766551 -12.249999999999998 3.9999999999999996
  endloop
endfacet
facet normal -0.7933533402912352 -0.6087614290087208 -0.0
  outer loop
    vertex 1.2990381056766551 -12.249999999999998 0.0
    vertex 1.0606601717798185 -11.939339828220177 3.9999999999999996
    vertex 1.0606601717798185 -11.939339828220177 0.0
  endloop
endfacet
facet normal -0.9238795325112867 -0.3826834323650902 -0.0
  outer loop
    vertex 1.2990381056766551 -12.249999999999998 3.9999999999999996
    vertex 1.4488887394335996 -12.611771432346217 0.0
    vertex 1.4488887394335996 -12.611771432346217 3.9999999999999996
  endloop
endfacet
facet normal -0.9238795325112867 -0.3826834323650902 -0.0
  outer loop
    vertex 1.4488887394335996 -12.611771432346217 0.0
    vertex 1.2990381056766551 -12.249999999999998 3.9999999999999996
    vertex 1.2990381056766551 -12.249999999999998 0.0
  endloop
endfacet
facet normal -0.9914448613738105 -0.13052619222005124 -0.0
  outer loop
    vertex 1.4488887394335996 -12.611771432346217 3.9999999999999996
    vertex 1.4999999999999971 -12.999999999999998 0.0
    vertex 1.4999999999999971 -12.999999999999998 3.9999999999999996
  endloop
endfacet
facet normal -0.9914448613738105 -0.13052619222005124 -0.0
  outer loop
    vertex 1.4999999999999971 -12.999999999999998 0.0
    vertex 1.4488887394335996 -12.611771432346217 3.9999999999999996
    vertex 1.4488887394335996 -12.611771432346217 0.0
  endloop
endfacet
facet normal -0.9914448613738105 0.13052619222005213 -0.0
  outer loop
    vertex 1.4999999999999971 -12.999999999999998 3.9999999999999996
    vertex 1.4488887394335992 -13.38822856765378 0.0
    vertex 1.4488887394335992 -13.38822856765378 3.9999999999999996
  endloop
endfacet
facet normal -0.9914448613738105 0.13052619222005213 -0.0
  outer loop
    vertex 1.4488887394335992 -13.38822856765378 0.0
    vertex 1.4999999999999971 -12.999999999999998 3.9999999999999996
    vertex 1.4999999999999971 -12.999999999999998 0.0
  endloop
endfacet
facet normal -0.9238795325112872 0.3826834323650889 -0.0
  outer loop
    vertex 1.4488887394335992 -13.38822856765378 3.9999999999999996
    vertex 1.2990381056766547 -13.75 0.0
    vertex 1.2990381056766547 -13.75 3.9999999999999996
  endloop
endfacet
facet normal -0.9238795325112872 0.3826834323650889 -0.0
  outer loop
    vertex 1.2990381056766547 -13.75 0.0
    vertex 1.4488887394335992 -13.38822856765378 3.9999999999999996
    vertex 1.4488887394335992 -13.38822856765378 0.0
  endloop
endfacet
facet normal -0.7933533402912339 0.6087614290087222 -0.0
  outer loop
    vertex 1.2990381056766547 -13.75 3.9999999999999996
    vertex 1.0606601717798183 -14.06066017177982 0.0
    vertex 1.0606601717798183 -14.06066017177982 3.9999999999999996
  endloop
endfacet
facet normal -0.7933533402912339 0.6087614290087222 -0.0
  outer loop
    vertex 1.0606601717798183 -14.06066017177982 0.0
    vertex 1.2990381056766547 -13.75 3.9999999999999996
    vertex 1.2990381056766547 -13.75 0.0
  endloop
endfacet
facet normal -0.6087614290087211 0.7933533402912349 -0.0
  outer loop
    vertex 0.7499999999999961 -14.299038105676658 3.9999999999999996
    vertex 1.0606601717798183 -14.06066017177982 0.0
    vertex 0.7499999999999961 -14.299038105676658 0.0
  endloop
endfacet
facet normal -0.6087614290087211 0.7933533402912349 -0.0
  outer loop
    vertex 1.0606601717798183 -14.06066017177982 0.0
    vertex 0.7499999999999961 -14.299038105676658 3.9999999999999996
    vertex 1.0606601717798183 -14.06066017177982 3.9999999999999996
  endloop
endfacet
facet normal -0.3826834323650885 0.9238795325112874 -0.0
  outer loop
    vertex 0.3882285676537776 -14.4488887394336 3.9999999999999996
    vertex 0.7499999999999961 -14.299038105676658 0.0
    vertex 0.3882285676537776 -14.4488887394336 0.0
  endloop
endfacet
facet normal -0.3826834323650885 0.9238795325112874 -0.0
  outer loop
    vertex 0.7499999999999961 -14.299038105676658 0.0
    vertex 0.3882285676537776 -14.4488887394336 3.9999999999999996
    vertex 0.7499999999999961 -14.299038105676658 3.9999999999999996
  endloop
endfacet
facet normal -0.1305261922200519 0.9914448613738105 -0.0
  outer loop
    vertex -3.095512012356052e-15 -14.499999999999998 3.9999999999999996
    vertex 0.3882285676537776 -14.4488887394336 0.0
    vertex -3.095512012356052e-15 -14.499999999999998 0.0
  endloop
endfacet
facet normal -0.1305261922200519 0.9914448613738105 -0.0
  outer loop
    vertex 0.3882285676537776 -14.4488887394336 0.0
    vertex -3.095512012356052e-15 -14.499999999999998 3.9999999999999996
    vertex 0.3882285676537776 -14.4488887394336 3.9999999999999996
  endloop
endfacet
facet normal 0.13052619222005152 0.9914448613738106 0.0
  outer loop
    vertex -0.388228567653785 -14.4488887394336 3.9999999999999996
    vertex -3.095512012356052e-15 -14.499999999999998 0.0
    vertex -0.388228567653785 -14.4488887394336 0.0
  endloop
endfacet
facet normal 0.13052619222005152 0.9914448613738106 0.0
  outer loop
    vertex -3.095512012356052e-15 -14.499999999999998 0.0
    vertex -0.388228567653785 -14.4488887394336 3.9999999999999996
    vertex -3.095512012356052e-15 -14.499999999999998 3.9999999999999996
  endloop
endfacet
facet normal 0.3826834323650885 0.9238795325112874 0.0
  outer loop
    vertex -0.7500000000000034 -14.299038105676658 3.9999999999999996
    vertex -0.388228567653785 -14.4488887394336 0.0
    vertex -0.7500000000000034 -14.299038105676658 0.0
  endloop
endfacet
facet normal 0.3826834323650885 0.9238795325112874 0.0
  outer loop
    vertex -0.388228567653785 -14.4488887394336 0.0
    vertex -0.7500000000000034 -14.299038105676658 3.9999999999999996
    vertex -0.388228567653785 -14.4488887394336 3.9999999999999996
  endloop
endfacet
facet normal 0.6087614290087223 0.7933533402912338 0.0
  outer loop
    vertex -1.0606601717798247 -14.06066017177982 3.9999999999999996
    vertex -0.7500000000000034 -14.299038105676658 0.0
    vertex -1.0606601717798247 -14.06066017177982 0.0
  endloop
endfacet
facet normal 0.6087614290087223 0.7933533402912338 0.0
  outer loop
    vertex -0.7500000000000034 -14.299038105676658 0.0
    vertex -1.0606601717798247 -14.06066017177982 3.9999999999999996
    vertex -0.7500000000000034 -14.299038105676658 3.9999999999999996
  endloop
endfacet
facet normal 0.7933533402912368 0.6087614290087184 0.0
  outer loop
    vertex -1.299038105676661 -13.749999999999998 0.0
    vertex -1.0606601717798247 -14.06066017177982 3.9999999999999996
    vertex -1.0606601717798247 -14.06066017177982 0.0
  endloop
endfacet
facet normal 0.7933533402912368 0.6087614290087184 0.0
  outer loop
    vertex -1.0606601717798247 -14.06066017177982 3.9999999999999996
    vertex -1.299038105676661 -13.749999999999998 0.0
    vertex -1.299038105676661 -13.749999999999998 3.9999999999999996
  endloop
endfacet
facet normal 0.9238795325112864 0.3826834323650911 0.0
  outer loop
    vertex -1.4488887394336052 -13.38822856765378 0.0
    vertex -1.299038105676661 -13.749999999999998 3.9999999999999996
    vertex -1.299038105676661 -13.749999999999998 0.0
  endloop
endfacet
facet normal 0.9238795325112864 0.3826834323650911 0.0
  outer loop
    vertex -1.299038105676661 -13.749999999999998 3.9999999999999996
    vertex -1.4488887394336052 -13.38822856765378 0.0
    vertex -1.4488887394336052 -13.38822856765378 3.9999999999999996
  endloop
endfacet
facet normal 0.9914448613738105 0.13052619222005124 0.0
  outer loop
    vertex -1.5000000000000027 -12.999999999999998 0.0
    vertex -1.4488887394336052 -13.38822856765378 3.9999999999999996
    vertex -1.4488887394336052 -13.38822856765378 0.0
  endloop
endfacet
facet normal 0.9914448613738105 0.13052619222005124 0.0
  outer loop
    vertex -1.4488887394336052 -13.38822856765378 3.9999999999999996
    vertex -1.5000000000000027 -12.999999999999998 0.0
    vertex -1.5000000000000027 -12.999999999999998 3.9999999999999996
  endloop
endfacet
facet normal 0.9914448613738105 -0.13052619222005168 -0.0
  outer loop
    vertex -1.4488887394336052 -12.611771432346217 0.0
    vertex -1.5000000000000027 -12.999999999999998 3.9999999999999996
    vertex -1.5000000000000027 -12.999999999999998 0.0
  endloop
endfacet
facet normal 0.9914448613738105 -0.13052619222005168 -0.0
  outer loop
    vertex -1.5000000000000027 -12.999999999999998 3.9999999999999996
    vertex -1.4488887394336052 -12.611771432346217 0.0
    vertex -1.4488887394336052 -12.611771432346217 3.9999999999999996
  endloop
endfacet
facet normal 0.9238795325112867 -0.3826834323650902 -0.0
  outer loop
    vertex -1.2990381056766604 -12.249999999999998 0.0
    vertex -1.4488887394336052 -12.611771432346217 3.9999999999999996
    vertex -1.4488887394336052 -12.611771432346217 0.0
  endloop
endfacet
facet normal 0.9238795325112867 -0.3826834323650902 -0.0
  outer loop
    vertex -1.4488887394336052 -12.611771432346217 3.9999999999999996
    vertex -1.2990381056766604 -12.249999999999998 0.0
    vertex -1.2990381056766604 -12.249999999999998 3.9999999999999996
  endloop
endfacet
facet normal 0.7933533402912352 -0.6087614290087208 -0.0
  outer loop
    vertex -1.0606601717798239 -11.939339828220177 0.0
    vertex -1.2990381056766604 -12.249999999999998 3.9999999999999996
    vertex -1.2990381056766604 -12.249999999999998 0.0
  endloop
endfacet
facet normal 0.7933533402912352 -0.6087614290087208 -0.0
  outer loop
    vertex -1.2990381056766604 -12.249999999999998 3.9999999999999996
    vertex -1.0606601717798239 -11.939339828220177 0.0
    vertex -1.0606601717798239 -11.939339828220177 3.9999999999999996
  endloop
endfacet
facet normal 0.6087614290087219 -0.7933533402912342 -0.0
  outer loop
    vertex -0.7500000000000024 -11.70096189432334 3.9999999999999996
    vertex -1.0606601717798239 -11.939339828220177 0.0
    vertex -0.7500000000000024 -11.70096189432334 0.0
  endloop
endfacet
facet normal 0.6087614290087219 -0.7933533402912342 -0.0
  outer loop
    vertex -1.0606601717798239 -11.939339828220177 0.0
    vertex -0.7500000000000024 -11.70096189432334 3.9999999999999996
    vertex -1.0606601717798239 -11.939339828220177 3.9999999999999996
  endloop
endfacet
facet normal 0.3826834323650883 -0.9238795325112875 -0.0
  outer loop
    vertex -0.3882285676537838 -11.551111260566396 3.9999999999999996
    vertex -0.7500000000000024 -11.70096189432334 0.0
    vertex -0.3882285676537838 -11.551111260566396 0.0
  endloop
endfacet
facet normal 0.3826834323650883 -0.9238795325112875 -0.0
  outer loop
    vertex -0.7500000000000024 -11.70096189432334 0.0
    vertex -0.3882285676537838 -11.551111260566396 3.9999999999999996
    vertex -0.7500000000000024 -11.70096189432334 3.9999999999999996
  endloop
endfacet
facet normal 0.1305261922200518 -0.9914448613738105 -0.0
  outer loop
    vertex -2.728117972611846e-15 -11.499999999999998 3.9999999999999996
    vertex -0.3882285676537838 -11.551111260566396 0.0
    vertex -2.728117972611846e-15 -11.499999999999998 0.0
  endloop
endfacet
facet normal 0.1305261922200518 -0.9914448613738105 -0.0
  outer loop
    vertex -0.3882285676537838 -11.551111260566396 0.0
    vertex -2.728117972611846e-15 -11.499999999999998 3.9999999999999996
    vertex -0.3882285676537838 -11.551111260566396 3.9999999999999996
  endloop
endfacet
facet normal -0.13052619222005168 -0.9914448613738105 -0.0
  outer loop
    vertex 0.3882285676537786 -11.551111260566396 3.9999999999999996
    vertex -2.728117972611846e-15 -11.499999999999998 0.0
    vertex 0.3882285676537786 -11.551111260566396 0.0
  endloop
endfacet
facet normal -0.13052619222005168 -0.9914448613738105 -0.0
  outer loop
    vertex -2.728117972611846e-15 -11.499999999999998 0.0
    vertex 0.3882285676537786 -11.551111260566396 3.9999999999999996
    vertex -2.728117972611846e-15 -11.499999999999998 3.9999999999999996
  endloop
endfacet
endsolid Kupplung
